Image,Id
0000e88ab.jpg,w_f48451c
000a6daec.jpg,w_dd88965
001cae55b.jpg,w_581ba42
00442c882.jpg,w_8cad422
004f87702.jpg,w_1d0830e
0052ce2f5.jpg,w_2365d55
00537ec91.jpg,w_3879fa0
006017ddf.jpg,w_8a6a8d5
006500b3d.jpg,w_a8b34a0
0067b3a20.jpg,w_c0d11da
009589b45.jpg,w_bc285a6
0096c8ff3.jpg,w_f3252ff
009c45bc7.jpg,w_2df85e7
00a9dc47d.jpg,w_c6c89db
00b7ffb8a.jpg,w_1531bf5
00caa5c60.jpg,w_fccccec
00d07df97.jpg,w_5650932
00d641885.jpg,w_dd944b7
00d6cbcbf.jpg,w_6f0cbe3
00d831b06.jpg,w_6e209a8
00ec13a19.jpg,w_3ff114c
0117ac323.jpg,w_4516d31
01216c238.jpg,w_396c12b
0138b56d1.jpg,w_5597026
01425e516.jpg,w_581ba42
0145d6294.jpg,w_9739508
014c0deb5.jpg,w_13c1b55
0150758c7.jpg,w_5a9abcf
015a0c58d.jpg,w_40a8585
016791b76.jpg,w_f74a89e
016f26c74.jpg,w_08630fd
0179e07f2.jpg,w_c8bbb43
017bd9a69.jpg,w_191bce3
0183ee449.jpg,w_f793b1f
018b81a56.jpg,w_0b1e4a6
018e22952.jpg,w_e6450bc
01917b508.jpg,w_4846b27
0197be7fd.jpg,w_2e374c0
019b53508.jpg,w_89f6097
01affda48.jpg,w_c875e45
01c602e06.jpg,w_dd88965
01c98f7c1.jpg,w_396c12b
01d122634.jpg,w_f0eddab
01e2ca8ba.jpg,w_edce644
01e878aad.jpg,w_d0bfef3
01f5b5205.jpg,w_59052ad
020ab0f9b.jpg,w_e08506c
0222d7746.jpg,w_1ca9ab1
02272f684.jpg,w_7e579dd
022b803eb.jpg,w_1ca9ab1
023b99fbe.jpg,w_f0fe284
023c3947f.jpg,w_f459442
023dc5c36.jpg,w_0a155b9
023f72c08.jpg,w_f0eddab
027af9390.jpg,w_1d0830e
028bbb7af.jpg,w_0189b6d
028e0f415.jpg,w_f276da3
02909535e.jpg,w_1ca9ab1
02a7e1f6c.jpg,w_c8d5ad5
02b2550cb.jpg,w_b3196aa
02b4351c8.jpg,w_51e7506
02e5c6e80.jpg,w_cda3971
0301ca72f.jpg,w_025911c
031b6c2c4.jpg,w_bc285a6
031e2f2e0.jpg,w_0b1e4a6
03398a6cc.jpg,w_23e1d57
0346bbbe9.jpg,w_dee1053
0347973a7.jpg,w_bb2c919
034e5fe12.jpg,w_cbb15d2
03563996a.jpg,w_91cc02c
035cc12f2.jpg,w_edf43c1
03a224d12.jpg,w_5650932
03e23d88f.jpg,w_234713b
040da527c.jpg,w_564a34b
041c117be.jpg,w_4690940
0434a290d.jpg,w_b4396ae
044b2a2ae.jpg,w_8f4d879
044df2889.jpg,w_c0f1e04
04515138c.jpg,w_9f13096
0485d51aa.jpg,w_dc662ea
048803f5b.jpg,w_d0475b2
049202dd2.jpg,w_b3ca4b7
04a2d7b74.jpg,w_c875e45
04a74df45.jpg,w_f74a89e
04a973240.jpg,w_11ff425
04c254622.jpg,w_2df85e7
04c72257b.jpg,w_96985c1
04ccad4df.jpg,w_6caff0f
04ccea35b.jpg,w_53feb91
04d275a05.jpg,w_37d2f3a
04e99f9d1.jpg,w_939423d
04eb43378.jpg,w_f74a89e
04eec03fa.jpg,w_0135f5f
04feb7ede.jpg,w_57abc0f
05081c5c8.jpg,w_b128587
051a9fba7.jpg,w_c25d2d1
051fd9a67.jpg,w_59052ad
0537c274b.jpg,w_27b7295
053e58e3a.jpg,w_714f89f
0549da110.jpg,w_4ab3420
054bb95c0.jpg,w_b938e96
05656dfcc.jpg,w_a059841
056cd345d.jpg,w_bf41c21
0576b4452.jpg,w_fec331a
057bfa93a.jpg,w_c27588a
05d42c048.jpg,w_5d5c6a6
05d9cc57a.jpg,w_67a9841
05e81e346.jpg,w_8b86b95
05eeabf1b.jpg,w_aa32f70
05f2f037c.jpg,w_14ece76
06119661c.jpg,w_c6c89db
0616cbd68.jpg,w_db3cfa4
0631db372.jpg,w_1ca9ab1
06504fa5b.jpg,w_0cbf1b3
06822966b.jpg,w_4846b27
0695dc488.jpg,w_0abdaf4
06988e2d8.jpg,w_4a28f21
069a1c205.jpg,w_fdd3687
06c50767d.jpg,w_50fd107
06c8929a3.jpg,w_db68456
06cfbaddf.jpg,w_0a155b9
06dae96d6.jpg,w_5773c71
06e157a91.jpg,w_d0bfef3
06ebd7587.jpg,w_191bce3
06f80eb62.jpg,w_2b65b34
06f8ca075.jpg,w_83b2336
07001d538.jpg,w_f829227
0704cc0a7.jpg,w_a190a88
0706d4216.jpg,w_dd88965
070abfb84.jpg,w_fd906cc
0712ad7fe.jpg,w_f765256
0716fb02e.jpg,w_564a34b
071b4b2ae.jpg,w_2e374c0
0726d120b.jpg,w_b71ac68
073fc11a0.jpg,w_0a155b9
074b76dc2.jpg,w_3108dce
076b53d6d.jpg,w_c8bbb43
077b5e636.jpg,w_efa100e
07837c640.jpg,w_b9e5911
079ce9622.jpg,w_50fd107
07a04a873.jpg,w_8a6a8d5
07ac2b767.jpg,w_dd88965
07b048c72.jpg,w_bf41c21
07b0f9cc8.jpg,w_91cc02c
07babead6.jpg,w_1788910
07c035b2b.jpg,w_8a6a8d5
07c0ae10b.jpg,w_db68456
07c93d623.jpg,w_191bce3
07dcacfe6.jpg,w_6cda039
07ead5e46.jpg,w_aabdf8c
07ed6e781.jpg,w_0886321
07fc6156f.jpg,w_0189b6d
080d2aaff.jpg,w_ab2ac77
0811188a6.jpg,w_aee1ccf
081ec14a6.jpg,w_0fdf741
08248f449.jpg,w_b99f945
08258902a.jpg,w_f0fe284
0829ae94e.jpg,w_04003e9
08334fd63.jpg,w_bfcad53
08406b193.jpg,w_2b4b82e
08428609a.jpg,w_3eae264
085ac5123.jpg,w_7e2eb3d
086041fb9.jpg,w_3879fa0
0896a27c2.jpg,w_34ecf36
089d1f450.jpg,w_c16cb2c
08aee34dc.jpg,w_d588fb4
08b76923e.jpg,w_1788910
08cb88f53.jpg,w_234713b
08db58a5f.jpg,w_01f14e1
08dd94712.jpg,w_0a155b9
08e0fb2b6.jpg,w_714f89f
08fa77b9f.jpg,w_53215c6
0913c89c3.jpg,w_08630fd
0918e42f2.jpg,w_4846b27
091e9ccf8.jpg,w_6cda039
092085a60.jpg,w_ef83760
092862dac.jpg,w_0f56fb2
09434961e.jpg,w_53215c6
0947418a2.jpg,w_191bce3
094d86c17.jpg,w_1ca9ab1
095533ca6.jpg,w_581ba42
0956ba105.jpg,w_6cda039
09603cbe5.jpg,w_c6fe966
099e81760.jpg,w_0fdf741
09b05d101.jpg,w_9f13096
09b657c4a.jpg,w_611d18b
09e89d3d0.jpg,w_0886321
0a00c7a0f.jpg,w_985d205
0a0364032.jpg,w_dea40e2
0a2b7202c.jpg,w_7b098ce
0a5542188.jpg,w_6e6307e
0a5d8f6f5.jpg,w_16df050
0a6388b75.jpg,w_551f361
0a6cdccac.jpg,w_698fcbe
0a70943a8.jpg,w_edce644
0aba5715c.jpg,w_27597ff
0ac497ad5.jpg,w_11d8c70
0ac53385b.jpg,w_e2a09d4
0acef76f0.jpg,w_bf960fa
0ad6ea37e.jpg,w_8cad422
0adaaefda.jpg,w_d066c0a
0af805558.jpg,w_f48451c
0afff2aa7.jpg,w_16dfac7
0b0555f44.jpg,w_9a91c1e
0b0c8cd04.jpg,w_d7b6f17
0b1056f9e.jpg,w_d0475b2
0b199a238.jpg,w_1e85eea
0b2cbfa4c.jpg,w_b3ca4b7
0b824db64.jpg,w_c6c89db
0ba05e099.jpg,w_990921b
0ba3bb92d.jpg,w_d066c0a
0bcb9fc34.jpg,w_3879fa0
0bd1610f8.jpg,w_0b1e4a6
0bf9730f8.jpg,w_cefd512
0c037e179.jpg,w_bf960fa
0c076e252.jpg,w_f459442
0c08a4d6d.jpg,w_71d5ba2
0c146080d.jpg,w_fccccec
0c341777d.jpg,w_c6b4d61
0c45bf60f.jpg,w_62c78f3
0c4b0827e.jpg,w_4690940
0c508bef1.jpg,w_ab2ac77
0c51473f9.jpg,w_5d5c6a6
0c51dffe2.jpg,w_e5978cf
0c5537f22.jpg,w_30f2f0f
0c5ce54ec.jpg,w_45246db
0c61ff085.jpg,w_bfcad53
0c7cbda70.jpg,w_50fd107
0c8fc7db6.jpg,w_08d62ee
0c9b71747.jpg,w_50fd107
0cb7c7858.jpg,w_16df050
0cc97c518.jpg,w_08630fd
0cf75ae73.jpg,w_659bdb8
0cf91e08a.jpg,w_e966f36
0cfed7024.jpg,w_f602022
0d243b371.jpg,w_2df37cc
0d26ab5da.jpg,w_e9cf335
0d37648f9.jpg,w_6f0cbe3
0d39237f7.jpg,w_d6d89ed
0d525338d.jpg,w_d7b6f17
0d55c7a1b.jpg,w_90abfeb
0d5777fc2.jpg,w_00904a7
0d626f782.jpg,w_3815890
0d6d02681.jpg,w_a586dce
0db1edb0c.jpg,w_3879fa0
0db352816.jpg,w_a2f8488
0dc265a03.jpg,w_0189b6d
0dd3b59ec.jpg,w_f408b56
0dd5f40f4.jpg,w_b9e5911
0dee42089.jpg,w_f408b56
0dfb0241e.jpg,w_f6c5343
0e090476f.jpg,w_5d5c6a6
0e0d30892.jpg,w_551f361
0e102defb.jpg,w_bfcad53
0e27b36d2.jpg,w_37d2f3a
0e2cf96c6.jpg,w_f66ec54
0e2d6a802.jpg,w_4690940
0e3654d9f.jpg,w_b3cfa1d
0e414d30c.jpg,w_db3cfa4
0e4686b60.jpg,w_3b03149
0e55b1c53.jpg,w_61b9586
0e6abdd05.jpg,w_ac2c28e
0e6dad85c.jpg,w_c01c1f4
0e76405ec.jpg,w_789c969
0e7a46a3a.jpg,w_7e2eb3d
0e840332a.jpg,w_733f661
0e88d825e.jpg,w_aa0dacc
0e8a0188a.jpg,w_c6b4d61
0e8f0ab91.jpg,w_789c969
0ebb19447.jpg,w_b9d5945
0ece26b35.jpg,w_c6fe966
0ed1c9d1e.jpg,w_e2a09d4
0ed4c90bc.jpg,w_08630fd
0ee52a3bb.jpg,w_c85ff1e
0ee614bdc.jpg,w_9da1811
0ef0db673.jpg,w_857cb95
0ef17acd2.jpg,w_23e1d57
0ef2705ec.jpg,w_13aa123
0efc3e1e9.jpg,w_cbb15d2
0f1d723fa.jpg,w_e08506c
0f2118ac7.jpg,w_40a8585
0f309b345.jpg,w_4a28f21
0f35bc5e8.jpg,w_be4f189
0f42b325d.jpg,w_2f1488c
0f443ae12.jpg,w_4690940
0f47f1032.jpg,w_67a9841
0f4960c16.jpg,w_37e61c2
0f5ad1a70.jpg,w_f6c5343
0f66b3e2b.jpg,w_d0475b2
0f6de2175.jpg,w_8f1069a
0f78db9bd.jpg,w_6f0cbe3
0f87df781.jpg,w_dd944b7
0f9172ff7.jpg,w_26c0ffd
0f939ee9b.jpg,w_0f466a5
0fab94b02.jpg,w_733f661
0faf359a8.jpg,w_446a02d
0fb3bb3e7.jpg,w_ef83760
0fce9f18b.jpg,w_3ec7fa2
0fdde3140.jpg,w_34ecf36
0ff647d51.jpg,w_1f0cf0a
0ffc48fd2.jpg,w_4516ff1
1008bd463.jpg,w_698fcbe
1012a7a81.jpg,w_760c469
1015d1356.jpg,w_9b69214
103e3b667.jpg,w_13c1b55
105b9068a.jpg,w_9a91c1e
10635479a.jpg,w_b9e5911
107a3ff87.jpg,w_a586dce
1081c2d70.jpg,w_7e579dd
1085a08dd.jpg,w_5773c71
108f569f9.jpg,w_a190a88
10ad48673.jpg,w_21b2790
10b694367.jpg,w_04003e9
10e1a825e.jpg,w_bfcad53
10f8d2a76.jpg,w_1f1cee1
11116ae07.jpg,w_0135f5f
111d1ab30.jpg,w_ac2c28e
112233c7f.jpg,w_df32eec
11232bac1.jpg,w_cda3971
1125c00ab.jpg,w_11ff425
113d24d36.jpg,w_dd944b7
114b76b66.jpg,w_1ca9ab1
115bbdea4.jpg,w_38de45d
11702ec84.jpg,w_83b2336
117eff442.jpg,w_f74a89e
119f88bbb.jpg,w_8e92662
11df60816.jpg,w_cd4cb49
11f98ade5.jpg,w_b71ac68
1204c90d2.jpg,w_c734fa4
12093d2aa.jpg,w_022b708
1235eb22c.jpg,w_7aea0b8
1236b667c.jpg,w_7d44896
124913ed3.jpg,w_f7cd240
12509a8e1.jpg,w_2b65b34
125869ae7.jpg,w_8c25681
125c6370c.jpg,w_a6a732d
1262321e3.jpg,w_f7cd240
1268ef193.jpg,w_7c77c5c
127cf66b2.jpg,w_ef83760
128b082b7.jpg,w_34120de
129553b18.jpg,w_b9e5911
12a50bd2c.jpg,w_fd6a3ad
12b3f7b9f.jpg,w_022b708
12ea26f6b.jpg,w_a8b34a0
12ea69783.jpg,w_12cc52d
12f1d106c.jpg,w_f6c5343
1308ee62d.jpg,w_b9e5911
133c7a4da.jpg,w_11d8c70
135168118.jpg,w_36bbd71
1354e606d.jpg,w_789c969
13662f779.jpg,w_8cfabed
137d7bcbe.jpg,w_a059841
13a48964f.jpg,w_955bfe2
13acd4295.jpg,w_68eaf36
13c6d2436.jpg,w_b3cc7b3
13cd15ee1.jpg,w_16df050
13dff0a39.jpg,w_ae8982d
13e6c93de.jpg,w_6e209a8
13e6f3e37.jpg,w_37d2f3a
13ec3b608.jpg,w_0887d9b
13f275380.jpg,w_581ba42
1400300d1.jpg,w_3815890
1409b0133.jpg,w_9d86594
14104b121.jpg,w_57db059
141f81a4b.jpg,w_e27bbf6
143710238.jpg,w_dea40e2
144812b75.jpg,w_fd6a3ad
145d97da0.jpg,w_edf43c1
145fae7de.jpg,w_5bf792a
1463708e3.jpg,w_91cc02c
14659b5f5.jpg,w_1e85eea
1467eb17c.jpg,w_51fc1fc
147b61502.jpg,w_73d71d2
14859f304.jpg,w_51e7506
14a82ef56.jpg,w_f0fe284
14b98426f.jpg,w_b02ac52
14c5eb662.jpg,w_025911c
14ed4d8f6.jpg,w_28c330c
14f7e34ac.jpg,w_27597ff
14fad5605.jpg,w_4fadedd
150de9ccb.jpg,w_7e579dd
153ab610b.jpg,w_57acd97
15400570c.jpg,w_85d9229
1551045d5.jpg,w_9b69214
15669e0e6.jpg,w_e9cf335
1567752a4.jpg,w_7aea0b8
15912c4ac.jpg,w_f765256
1593048ab.jpg,w_80f481f
159b12fce.jpg,w_11ff425
159d125ba.jpg,w_c6fe966
15b606120.jpg,w_fbfe96b
15b9d86af.jpg,w_b71ac68
15cf6148b.jpg,w_591a2c5
15d2f13ab.jpg,w_06a10b4
15db53751.jpg,w_ae393cd
160e1b5fa.jpg,w_14330a0
160ea1ac1.jpg,w_e2372d6
1612fe91f.jpg,w_27597ff
1614e216e.jpg,w_37d2f3a
161548ded.jpg,w_698fcbe
162d64930.jpg,w_b3196aa
1661c7612.jpg,w_ef83760
16654a25e.jpg,w_c734fa4
16661c9df.jpg,w_7e579dd
166bc3e93.jpg,w_fd906cc
1676a6d17.jpg,w_b128587
167cf5ed3.jpg,w_5597026
167e7872d.jpg,w_5773c71
1683955c4.jpg,w_bc285a6
16918ef90.jpg,w_e25b062
16942730a.jpg,w_15805cd
16b13bcb5.jpg,w_7e2eb3d
16b9f6f8f.jpg,w_eba33fb
16cd67748.jpg,w_8e92662
16d398f4c.jpg,w_1b7eaad
16ddf58df.jpg,w_c1d2fbe
16e476a2f.jpg,w_26c0ffd
16e485a4b.jpg,w_bd1c3d5
16e90bc21.jpg,w_53feb91
16fe82c1a.jpg,w_b9c99cc
1716f46fc.jpg,w_f8c22dc
17333159c.jpg,w_cd4cb49
174936982.jpg,w_5bf792a
1749cf8d7.jpg,w_581ba42
174b35e73.jpg,w_30f2f0f
17990be6b.jpg,w_2645f4d
179a88ebd.jpg,w_0abdaf4
17d5ac914.jpg,w_d588fb4
17e902a34.jpg,w_5773c71
17f8e43ff.jpg,w_a059841
180056116.jpg,w_04003e9
181fd95f4.jpg,w_73d71d2
18459a654.jpg,w_789c969
1847e87ee.jpg,w_e1ffbe2
1867e30c2.jpg,w_b9e5911
1871a772e.jpg,w_f0eddab
18746ba21.jpg,w_21b2790
187bb1839.jpg,w_3002b59
1883237ff.jpg,w_242fb46
189d5937b.jpg,w_d066f46
18a618c6b.jpg,w_f0eddab
18aae894c.jpg,w_3879fa0
18b36c8dc.jpg,w_a190a88
18b9ebd3c.jpg,w_f0eddab
18bc422ca.jpg,w_f276da3
18ce3a307.jpg,w_2b4b82e
18cf89a6f.jpg,w_0887d9b
18e740a2f.jpg,w_d066c0a
18e8b2579.jpg,w_e4a9205
18f6435e4.jpg,w_f793b1f
18f817e48.jpg,w_04003e9
191222a3c.jpg,w_ef83760
191958549.jpg,w_3879fa0
19308a3f1.jpg,w_c566a3d
194b69f92.jpg,w_d494351
194d11499.jpg,w_5773c71
195afdc70.jpg,w_5821157
1965df4d1.jpg,w_0a155b9
196f97991.jpg,w_fbfe96b
19a7a264b.jpg,w_d066c0a
19a81076c.jpg,w_b938e96
19b1ab9f0.jpg,w_59052ad
19bb578b1.jpg,w_dd88965
19cc5e7eb.jpg,w_ab2ac77
19d6253de.jpg,w_c25d2d1
19d7f16f0.jpg,w_f6c5343
19d88604c.jpg,w_bc285a6
19d8860f4.jpg,w_c55c51d
19f4fa0e1.jpg,w_c734fa4
1a338c500.jpg,w_9b89c88
1a3c8ff1f.jpg,w_5650932
1a5524c86.jpg,w_fe15413
1a59c266b.jpg,w_581ba42
1a613e06f.jpg,w_16dfac7
1a8fd1c27.jpg,w_022b708
1a951c7cd.jpg,w_fd6a3ad
1a9c5c970.jpg,w_789c969
1aab49def.jpg,w_75f6ffa
1ab5e0f55.jpg,w_8b86b95
1ab721d64.jpg,w_263fcb0
1abfec724.jpg,w_1f0cf0a
1ac92ae82.jpg,w_9697236
1adc2ace1.jpg,w_8003858
1ae99f0c3.jpg,w_4516ff1
1aeca4616.jpg,w_dee1053
1b0b9868c.jpg,w_c6b4d61
1b10e61c5.jpg,w_022b708
1b1a4668e.jpg,w_ae393cd
1b26f7cd0.jpg,w_25085e0
1b4b8ca93.jpg,w_d97c490
1b5d4debb.jpg,w_8d0a2a2
1b5f121ab.jpg,w_b71ac68
1b6af70d0.jpg,w_0531ad5
1b6b6961a.jpg,w_6e97ef4
1b7c93ce4.jpg,w_6cda039
1b997e6d3.jpg,w_53215c6
1b9f1b366.jpg,w_f0eddab
1bad21820.jpg,w_90abfeb
1bb486b25.jpg,w_e2372d6
1bc6642e3.jpg,w_cbb15d2
1be328400.jpg,w_d6f0be4
1be9ea254.jpg,w_4a28f21
1bf354e8d.jpg,w_e8c5ff0
1bfa20d9e.jpg,w_5d5c6a6
1c25b4986.jpg,w_96c6613
1c2723346.jpg,w_9a1a810
1c351b88e.jpg,w_f48451c
1c7b11e82.jpg,w_a6a732d
1c8b5e93a.jpg,w_cd4cb49
1c9c3c853.jpg,w_c8d5ad5
1cad60dc8.jpg,w_83b2336
1cadb9277.jpg,w_2df37cc
1cb57f0b9.jpg,w_025911c
1cc05f07d.jpg,w_89f521e
1cc6523fc.jpg,w_00d50c9
1cc8c1d29.jpg,w_89f6097
1cd040e23.jpg,w_ae393cd
1cdfb47c2.jpg,w_59052ad
1ce0b1d68.jpg,w_f6c5343
1cf723eca.jpg,w_bfcad53
1cf84a50b.jpg,w_4516d31
1d0738836.jpg,w_70e9661
1d0a20156.jpg,w_14ece76
1d221ce45.jpg,w_53feb91
1d2f48034.jpg,w_aabdf8c
1d30841d4.jpg,w_0bc078c
1d3e315ea.jpg,w_b9c99cc
1d40374cf.jpg,w_2b069ba
1d5333b9a.jpg,w_0a619af
1d6ff1e7b.jpg,w_cda3971
1d84d5906.jpg,w_611d18b
1d8f0b12d.jpg,w_2b65b34
1d8fe1e99.jpg,w_ef83760
1d9923ed1.jpg,w_9b3076d
1d9d0abfb.jpg,w_5773c71
1db209fa3.jpg,w_6e6307e
1dcd8c109.jpg,w_fd6a3ad
1dd5ae2d8.jpg,w_d9a3c6e
1de580f9f.jpg,w_9da1811
1e084eba1.jpg,w_c1efffb
1e0c6e796.jpg,w_cefd512
1e146a7e1.jpg,w_b93105d
1e246b8da.jpg,w_be1f602
1e38e1550.jpg,w_6cda039
1e4b60cdd.jpg,w_e2372d6
1e4dfe5d2.jpg,w_2f1488c
1e555128e.jpg,w_b330c85
1e7271c12.jpg,w_e2a09d4
1e73ca94a.jpg,w_1d0830e
1e762d038.jpg,w_f5bf6df
1e78cdeb7.jpg,w_ec32fa6
1e7d9a510.jpg,w_8799716
1e8eec843.jpg,w_8f1069a
1e9aa4f1f.jpg,w_c6b4d61
1ea3df0b4.jpg,w_9a1a810
1eb7a0671.jpg,w_8f4d879
1ec00b281.jpg,w_80124ae
1ec863e20.jpg,w_c16cb2c
1eccb4eba.jpg,w_007fefa
1ee1902e6.jpg,w_8cfabed
1ef169d52.jpg,w_0bc078c
1ef3d57d6.jpg,w_e07b79f
1f145cca8.jpg,w_5b227ec
1f2744d4f.jpg,w_ab2ac77
1f4ceba57.jpg,w_26c0ffd
1f7adf76c.jpg,w_0887d9b
1f8e6efc2.jpg,w_1f0cf0a
1f98e33fe.jpg,w_2b65b34
1fa5ead9e.jpg,w_fccccec
1fb08207c.jpg,w_e27bbf6
1fb6e831d.jpg,w_cac9bdb
1fc19cf44.jpg,w_71d5ba2
1fd9b8b65.jpg,w_9b89c88
1fe16b155.jpg,w_234713b
1fe4d6a65.jpg,w_990921b
1feebdcf0.jpg,w_b02ac52
1ffbe52d0.jpg,w_08630fd
201c924dd.jpg,w_bb2c919
20390adb4.jpg,w_27597ff
2042b43d0.jpg,w_8cad422
204b80828.jpg,w_91cc02c
2050717f2.jpg,w_9d86594
2053da918.jpg,w_ec32fa6
20554cdf3.jpg,w_08630fd
2061b02a7.jpg,w_f602022
206994daf.jpg,w_b9c99cc
207fea321.jpg,w_4516ff1
208547b99.jpg,w_aa0dacc
2089dfc87.jpg,w_04d4568
208b8e125.jpg,w_4690940
2092bdc4b.jpg,w_3eae264
20a42d995.jpg,w_c4b02b0
20a501e1c.jpg,w_e5978cf
20ba6a9af.jpg,w_d588fb4
20d00b5d3.jpg,w_c1d2fbe
20d8a239b.jpg,w_e1ffbe2
20d96f6e9.jpg,w_625e590
20e7c6af4.jpg,w_007fefa
20f152053.jpg,w_eaed433
2102b7af8.jpg,w_57aeea3
211b9ad84.jpg,w_6cda039
212ac9132.jpg,w_b9d5945
212b9bd39.jpg,w_f765256
212e97cd9.jpg,w_07768b0
214c4b68e.jpg,w_ea05006
216268ccc.jpg,w_26c0ffd
217a64e1c.jpg,w_75f6ffa
2186bcd4d.jpg,w_3815890
2187ec67c.jpg,w_4a28f21
2195df78d.jpg,w_0f466a5
219b42aa2.jpg,w_dd944b7
21af3144a.jpg,w_7938c79
21b11a6ee.jpg,w_83b2336
21b32d50a.jpg,w_659bdb8
21ba059af.jpg,w_9a91c1e
21c4cea6b.jpg,w_d0bfef3
21e28ae02.jpg,w_5597026
22021f433.jpg,w_da011a1
2211bb803.jpg,w_f765256
223734d26.jpg,w_4516d31
223bdaa94.jpg,w_564a34b
22765d423.jpg,w_97ba78a
227717725.jpg,w_26c0ffd
22ca7df21.jpg,w_be4f189
22d618bd9.jpg,w_9a1a810
22e4a011f.jpg,w_23e1d57
22f6a8328.jpg,w_e6450bc
22f89b263.jpg,w_8a1b71c
22fcb5a67.jpg,w_2b069ba
23026c967.jpg,w_396c12b
230d4cea9.jpg,w_be1f602
231f1f107.jpg,w_6caff0f
23351a9cd.jpg,w_2b069ba
233a035cb.jpg,w_f765256
2342ad3d4.jpg,w_6caff0f
234c0f055.jpg,w_2b069ba
2354879ce.jpg,w_04003e9
235e035f6.jpg,w_11ff425
235f9c7ab.jpg,w_f0fe284
2364ba245.jpg,w_c6fe966
2365840d4.jpg,w_27b7295
2366b3eec.jpg,w_551f361
236a119fe.jpg,w_207f153
23816a559.jpg,w_6f0cbe3
2385c8427.jpg,w_91cc02c
238d5171c.jpg,w_446a02d
23991cced.jpg,w_2b65b34
239be7a75.jpg,w_83cc0ec
23acb3957.jpg,w_007fefa
23b6535ce.jpg,w_5816f86
23cf9151b.jpg,w_7e579dd
23d2dff49.jpg,w_f6c5343
23d3f522a.jpg,w_50e8d58
23e0317ea.jpg,w_27597ff
23e07ca09.jpg,w_0b1e4a6
23ebd86c0.jpg,w_80124ae
23ec5a1a0.jpg,w_591a2c5
23f6a688c.jpg,w_ca66b79
240368f0c.jpg,w_db68456
241878da0.jpg,w_025911c
241aeee0f.jpg,w_e2372d6
241e38166.jpg,w_c01c1f4
243c9c87a.jpg,w_3eae264
2453c4631.jpg,w_9d56f22
24587f7ed.jpg,w_34ecf36
247285a8d.jpg,w_234713b
24a25d87b.jpg,w_d97c490
24af3682a.jpg,w_ae393cd
24c4dcc8b.jpg,w_f66ec54
24c68d5a3.jpg,w_b71ac68
24d8b66e3.jpg,w_c25d2d1
24dfbce15.jpg,w_1834b49
2509a8193.jpg,w_5793f1c
251954086.jpg,w_eba33fb
251cc1dec.jpg,w_f66ec54
2524ff600.jpg,w_12ce4f8
2525ee4f3.jpg,w_69c06ad
252a17791.jpg,w_564a34b
253225ee3.jpg,w_6dbfd7a
25367b8a5.jpg,w_5597026
253bd466f.jpg,w_9032a74
25435d97c.jpg,w_e966f36
2571a2ace.jpg,w_e966f36
25745f409.jpg,w_edf43c1
257c3892a.jpg,w_6dbfd7a
2587c9341.jpg,w_584e1dc
25952dfb5.jpg,w_7e2eb3d
259b850aa.jpg,w_1788910
25a8605d9.jpg,w_34ecf36
25afdfa1e.jpg,w_1e85eea
25bd9868a.jpg,w_c55c51d
25d118fc5.jpg,w_94e136e
25f69b1db.jpg,w_04d4568
25ff06acf.jpg,w_b71ac68
26013fcb5.jpg,w_c8d5ad5
2617ff5c7.jpg,w_cc1784d
262ce8732.jpg,w_8f1069a
2630e74f2.jpg,w_4516ff1
263230b75.jpg,w_e1ffbe2
263a30bff.jpg,w_9d29561
26431666c.jpg,w_e1ffbe2
26448a6f8.jpg,w_13aa123
264ed5c6e.jpg,w_6e209a8
264fcf8ee.jpg,w_3815890
267c5e560.jpg,w_0a155b9
2682918b3.jpg,w_0f8b8e2
269048ce1.jpg,w_cd4cb49
2697c1066.jpg,w_fdcaaa8
26a8346db.jpg,w_c16cb2c
26b7f48a0.jpg,w_ae8982d
26cc5c3de.jpg,w_59052ad
26d1f4afd.jpg,w_57db059
26d3bdc92.jpg,w_1b0db58
26d50408d.jpg,w_2df37cc
26e48d5f0.jpg,w_c566a3d
26f751e5c.jpg,w_27597ff
2701a6006.jpg,w_e25b062
270b41f3b.jpg,w_1f1cee1
270e39506.jpg,w_7e2eb3d
271110fc3.jpg,w_8f4d879
272d3d799.jpg,w_9a1a810
27313bd4c.jpg,w_98d094e
273a13b02.jpg,w_67a9841
275ab9611.jpg,w_9b89c88
2764d5bce.jpg,w_83b2336
276da5deb.jpg,w_fd6a3ad
276e38676.jpg,w_c25d2d1
2770b5798.jpg,w_89f6097
278c761ca.jpg,w_1d0830e
279a9c82e.jpg,w_7c77c5c
27a58f96c.jpg,w_aee1ccf
27ba4ba60.jpg,w_2b4b82e
27c7c5f0d.jpg,w_91b678a
27cd23a5c.jpg,w_5816f86
27d6f1553.jpg,w_34ecf36
27e0b6ff9.jpg,w_191bce3
2802e3748.jpg,w_cefd512
281204d15.jpg,w_c6b4d61
281dfecc2.jpg,w_89f6097
2825f02dd.jpg,w_73d71d2
2832cf1d5.jpg,w_bb2c919
284838cce.jpg,w_551f361
2868090c1.jpg,w_f773fbe
28699a435.jpg,w_007fefa
287084eac.jpg,w_659bdb8
2872f5a1a.jpg,w_11d8c70
2885ea466.jpg,w_00904a7
2886ffed5.jpg,w_990921b
28948ef52.jpg,w_c63c580
2898bb378.jpg,w_fec331a
28a4a7850.jpg,w_1531bf5
28ab6dd22.jpg,w_d97c490
28b18c21a.jpg,w_611d18b
28bcedaff.jpg,w_8f1069a
28ceda616.jpg,w_91cc02c
28da3099b.jpg,w_7c77c5c
28e10769e.jpg,w_2df85e7
290fa1a19.jpg,w_9a1a810
2913c4a93.jpg,w_34ecf36
294ab237b.jpg,w_04003e9
294d8eedc.jpg,w_0f73f48
2960823e0.jpg,w_0f56fb2
297e768ce.jpg,w_df27de9
29b3e8e9e.jpg,w_59052ad
29bdf298a.jpg,w_9d86594
29c582beb.jpg,w_de657c1
29c878772.jpg,w_9a91c1e
29cbeb78b.jpg,w_b5e6c80
29ece6621.jpg,w_d8a47de
2a19c4568.jpg,w_fdd3687
2a3df73dc.jpg,w_04d4568
2a4e00ced.jpg,w_e1ffbe2
2a5b2c31b.jpg,w_5597026
2a61ed8cb.jpg,w_89f521e
2a662973d.jpg,w_2d0cfc1
2a754e737.jpg,w_1f0cf0a
2a8a16648.jpg,w_9739508
2a8f8289f.jpg,w_55b77ce
2ab28a9b3.jpg,w_591a2c5
2aba65b94.jpg,w_f0fe284
2ad0fd10f.jpg,w_c0e2505
2adf3e32e.jpg,w_733f661
2ae1ca8e5.jpg,w_c875e45
2aea3c3da.jpg,w_242fb46
2aed32a4c.jpg,w_b3cfa1d
2b100675d.jpg,w_fd6a3ad
2b19c92e6.jpg,w_15805cd
2b25f15c9.jpg,w_3815890
2b26b72d8.jpg,w_dee1053
2b414c266.jpg,w_b02ac52
2b5b929ed.jpg,w_2e374c0
2b6027844.jpg,w_c1d2fbe
2b6085d9c.jpg,w_2b069ba
2b6126122.jpg,w_0fdf741
2b7234333.jpg,w_5babd8c
2b7fe637b.jpg,w_0fdf741
2b8424f3b.jpg,w_c6b4d61
2b87cebfe.jpg,w_e07b79f
2bb6512f8.jpg,w_62c78f3
2bc84446c.jpg,w_a190a88
2bcc8ebf2.jpg,w_3b03149
2bd05c9ae.jpg,w_4ab3420
2bd30038a.jpg,w_9d86594
2bdc48bb5.jpg,w_3002b59
2bdffbbf0.jpg,w_6d8f72e
2c31bfedf.jpg,w_d494351
2c37170a3.jpg,w_25085e0
2c60af2b7.jpg,w_e8c5ff0
2c74aea1c.jpg,w_62c78f3
2c76823fb.jpg,w_4fdff73
2c966ad9d.jpg,w_733f661
2c9b72ebc.jpg,w_2d6bb89
2ca3c31d3.jpg,w_2b069ba
2cb44e931.jpg,w_2d6bb89
2cbf5c242.jpg,w_61b9586
2cc8338d9.jpg,w_e07b79f
2ccc93ecd.jpg,w_71df35a
2ccf13852.jpg,w_12cc52d
2ccf1556c.jpg,w_3bf2653
2cd2dd769.jpg,w_8cfabed
2cd419554.jpg,w_939423d
2cd7913bb.jpg,w_df32eec
2cd81bee2.jpg,w_94f41dc
2cdbfeaab.jpg,w_efa100e
2ce2bc630.jpg,w_811c3a3
2cffbbda9.jpg,w_6e0a45b
2d0ba82bc.jpg,w_5116e7e
2d104232d.jpg,w_69b5ace
2d16e5789.jpg,w_611d18b
2d183c062.jpg,w_92f4498
2d43e205a.jpg,w_00904a7
2d4ca80ea.jpg,w_dd88965
2d517b4db.jpg,w_2365d55
2d5d412e1.jpg,w_a190a88
2d6617ada.jpg,w_b99f945
2d695b251.jpg,w_0b398b2
2d6b542e3.jpg,w_5c51475
2d742ff03.jpg,w_8b86b95
2da100a15.jpg,w_6e6307e
2dace445c.jpg,w_c0e2505
2db7bf884.jpg,w_9d86594
2db8c99b0.jpg,w_7938c79
2dc8893ac.jpg,w_16df050
2dced1f80.jpg,w_45246db
2de488489.jpg,w_0a619af
2e065af3e.jpg,w_5a3e0de
2e19af968.jpg,w_7e2eb3d
2e1cc98cc.jpg,w_75f6ffa
2e230ab8a.jpg,w_12cc52d
2e27d2978.jpg,w_ae32f8b
2e388734d.jpg,w_fc10c15
2e4a685d3.jpg,w_83cc0ec
2e4ba52cf.jpg,w_242fb46
2e524dc4c.jpg,w_2e374c0
2e5fe5623.jpg,w_5645ed1
2e73fc51e.jpg,w_0fdf741
2e82274ce.jpg,w_bb4f52e
2e8c4c2a8.jpg,w_a6703dd
2e8e75096.jpg,w_df27de9
2e98b95e2.jpg,w_e27bbf6
2e9df43b1.jpg,w_b3cde16
2ea81ac6c.jpg,w_f765256
2ece7cb3d.jpg,w_eba33fb
2ed34d766.jpg,w_8c25681
2edad0e90.jpg,w_e07b79f
2ef5744ae.jpg,w_51fc1fc
2efbeea13.jpg,w_d6aa3f3
2f0653c09.jpg,w_b128587
2f0b9fe47.jpg,w_94a7669
2f0c584a4.jpg,w_789c969
2f1c9ba8f.jpg,w_a8b34a0
2f31725c6.jpg,w_0027efa
2f4c7603e.jpg,w_06a10b4
2f510dcb4.jpg,w_90abfeb
2f88d36ff.jpg,w_b805777
2fad3d41b.jpg,w_fdd3687
2fb1c1b90.jpg,w_83a4279
2fb21ce8e.jpg,w_244e953
2fb8551cf.jpg,w_1834b49
2fbc839a8.jpg,w_5babd8c
2fc14ca32.jpg,w_8c25681
2fd3a0a61.jpg,w_89f6097
2fd41857f.jpg,w_be1f602
2fde77b34.jpg,w_611d18b
2fe1de29c.jpg,w_fbc7895
2fedfe3ad.jpg,w_955bfe2
2ff7687ea.jpg,w_92f4498
2ff988b9f.jpg,w_51e7506
2ffd3e80b.jpg,w_218fe4a
30271875f.jpg,w_3ff114c
303af19d7.jpg,w_8c25681
303cbcbf6.jpg,w_ae8982d
306e29b2d.jpg,w_733f661
308067dd3.jpg,w_a586dce
30823c79e.jpg,w_6d8f72e
30ad0808d.jpg,w_36bbd71
30b5dc0b9.jpg,w_bfcad53
30c6c2701.jpg,w_9032a74
30eac8c9f.jpg,w_0027efa
30f028b75.jpg,w_9da1811
31098a6b7.jpg,w_5597026
310afe421.jpg,w_8a1b71c
311360c0e.jpg,w_0a619af
31177d59f.jpg,w_11d8c70
311cc8dcc.jpg,w_57acd97
3121258e1.jpg,w_1f0cf0a
312f6cc30.jpg,w_c1efffb
3164c4438.jpg,w_14330a0
316e4ed92.jpg,w_15951db
319005df1.jpg,w_4c07458
31a816771.jpg,w_c058057
31b8e4577.jpg,w_db68456
31e46ee49.jpg,w_c25d2d1
320489c61.jpg,w_a8b34a0
3216ee4c5.jpg,w_0bc078c
3218b6332.jpg,w_efe3a39
321dc9fae.jpg,w_0cbf1b3
322c922ba.jpg,w_26c0ffd
323e84269.jpg,w_c1d2fbe
325076e4a.jpg,w_e07b79f
32533a7fb.jpg,w_4846b27
32619fd20.jpg,w_5d5c6a6
3270c29a8.jpg,w_72f3685
32991140f.jpg,w_db68456
329c75b33.jpg,w_e966f36
329ef0717.jpg,w_2af46a8
32a34a3ec.jpg,w_191bce3
32b44fdd7.jpg,w_b9d5945
32c52b133.jpg,w_8003858
32d283013.jpg,w_eaed433
32f751957.jpg,w_7b098ce
330401e53.jpg,w_5793f1c
331051b10.jpg,w_8d0a2a2
331095eb4.jpg,w_955bfe2
3315f8346.jpg,w_9438119
33273c9dc.jpg,w_9d56f22
33282a718.jpg,w_ddb62c2
3332d1c68.jpg,w_aabdf8c
3347515d9.jpg,w_4c07458
335b1a47b.jpg,w_8cfabed
337559f2b.jpg,w_32da935
337afba2c.jpg,w_b3cc7b3
33834c24a.jpg,w_8003858
33842d684.jpg,w_c6fe966
3394c2f91.jpg,w_f0fe284
339d62b76.jpg,w_9a1a810
33b345d5a.jpg,w_a586dce
33bb2cc90.jpg,w_274d994
33d6a6e56.jpg,w_d573a68
33e4f9948.jpg,w_c4b02b0
33e616ccf.jpg,w_77f9c5f
33ea4b5b4.jpg,w_1f0cf0a
33ee87d21.jpg,w_591a2c5
33eeb1fb9.jpg,w_1788910
34082931d.jpg,w_5821157
34236224e.jpg,w_71df35a
3426b5908.jpg,w_16b5050
3428bb03f.jpg,w_e08506c
342a0ffa4.jpg,w_fe881f2
342ed352c.jpg,w_bc285a6
34388b444.jpg,w_51e7506
343b4326c.jpg,w_b3cfa1d
34414534e.jpg,w_6c995fd
3446285aa.jpg,w_d0475b2
3448cf2d9.jpg,w_aee1ccf
344e3882b.jpg,w_bc7de9f
346b64046.jpg,w_6fce84d
34705400c.jpg,w_8431ae8
3493300c9.jpg,w_ae8982d
349f8cced.jpg,w_df32eec
34d4bf264.jpg,w_9544084
34e8f3228.jpg,w_c875e45
34f0601f3.jpg,w_274d994
34f1cd20c.jpg,w_07768b0
351f94add.jpg,w_57abc0f
353ae9ca2.jpg,w_c073f96
353ca37a0.jpg,w_c8d5ad5
354806de2.jpg,w_9fc06d4
355a69482.jpg,w_fbfe96b
356994c53.jpg,w_a8b34a0
356ec956e.jpg,w_e8c5ff0
3573ea087.jpg,w_68eaf36
357ce5346.jpg,w_f7cd240
3591d4c06.jpg,w_efe3a39
3591e954a.jpg,w_3815890
359d5dedb.jpg,w_4fdff73
35a61cad9.jpg,w_37e61c2
35b5b33a9.jpg,w_c01c1f4
35d796c00.jpg,w_0fdf741
35e57dbe0.jpg,w_446a02d
35f67c482.jpg,w_7d44896
35fad8067.jpg,w_98d094e
35fb13ffe.jpg,w_e08506c
360bb6720.jpg,w_6279534
360c25b2b.jpg,w_83cc0ec
3612c5daf.jpg,w_564a34b
3618fc309.jpg,w_2c94198
3623eae7a.jpg,w_e1ffbe2
3624091e0.jpg,w_584e1dc
363169733.jpg,w_446a02d
363bad2ff.jpg,w_bc285a6
364b4d9d5.jpg,w_4516d31
3669a356a.jpg,w_0b398b2
3671adf0d.jpg,w_990921b
36935beb9.jpg,w_9eaef8f
36995599f.jpg,w_263fcb0
36a833f0a.jpg,w_6aab519
36a84c071.jpg,w_bff3c3b
36a93d72d.jpg,w_691f2f6
36aa1c73f.jpg,w_aabdf8c
36b9b14bf.jpg,w_6e97ef4
36c21f694.jpg,w_53215c6
36d6dcd94.jpg,w_a8c2847
36db74024.jpg,w_5116e7e
36de5d209.jpg,w_11ff425
36e4eac56.jpg,w_83a4279
370fb09aa.jpg,w_5645ed1
371465b36.jpg,w_88b3466
3744db538.jpg,w_90fb95b
3745f64e7.jpg,w_cd4cb49
375a616e0.jpg,w_7e579dd
3778e85f8.jpg,w_ac2c28e
378017d21.jpg,w_cd4cb49
3780759d3.jpg,w_f602022
37910314d.jpg,w_cac9bdb
37b68d213.jpg,w_70e9661
37b9bbc6a.jpg,w_698fcbe
37bcba41a.jpg,w_6caff0f
37c36c81b.jpg,w_0886321
37d42b27b.jpg,w_396c12b
382d1b3ba.jpg,w_e966f36
383ae868d.jpg,w_96985c1
3842576ef.jpg,w_6aab519
384e301c8.jpg,w_25f1a4e
3851b7761.jpg,w_fc10c15
385441e76.jpg,w_57db059
3862949a3.jpg,w_16b5050
3867bfb4c.jpg,w_a8b34a0
386879860.jpg,w_733f661
386f9e530.jpg,w_2df85e7
38846a10b.jpg,w_edce644
388e6f29c.jpg,w_a47dc2d
3897f5c55.jpg,w_bb2c919
38ae2aefb.jpg,w_025911c
38d3b68cc.jpg,w_fbcfe74
38df4000e.jpg,w_b3cc7b3
38e21086f.jpg,w_c0e2505
38ee6b15b.jpg,w_67a9841
38fd36bfb.jpg,w_3002b59
393235da9.jpg,w_d7b6f17
39339394c.jpg,w_c8d5ad5
394868dbd.jpg,w_1032bb6
394feba2f.jpg,w_d573a68
3959dfa61.jpg,w_75f6ffa
395df77f0.jpg,w_dc662ea
399533efd.jpg,w_003bae6
39a1d98ec.jpg,w_007fefa
39aca3bf8.jpg,w_b9ee9d1
39b3a5740.jpg,w_c0e2505
39bc98b54.jpg,w_d0475b2
39e3bd8a1.jpg,w_94e136e
39e5f0b59.jpg,w_9438119
39eec8662.jpg,w_6189444
3a05a393f.jpg,w_0f73f48
3a12c55f7.jpg,w_b3ca4b7
3a29cc950.jpg,w_e966f36
3a3706aa4.jpg,w_fe15413
3a37d898f.jpg,w_5c51475
3a3e0b2f6.jpg,w_6279534
3a4480216.jpg,w_32da935
3a5dfc9b8.jpg,w_16b5050
3a756793c.jpg,w_16df050
3a865b538.jpg,w_51fc1fc
3a9d7dd62.jpg,w_760c469
3a9ef0e8d.jpg,w_b3cc7b3
3aa9992cc.jpg,w_564a34b
3aed8f194.jpg,w_37e61c2
3b07fdce3.jpg,w_ec32fa6
3b2278260.jpg,w_9cf0388
3b24e0a2d.jpg,w_da011a1
3b270ad0b.jpg,w_3108dce
3b29b6d70.jpg,w_e5978cf
3b429be7e.jpg,w_5bf792a
3b5bad6a6.jpg,w_bf41c21
3b5be27a6.jpg,w_659bdb8
3b5cad1c5.jpg,w_dea40e2
3b616bd0b.jpg,w_5650932
3b66bd85d.jpg,w_83a4279
3b6fa3ee6.jpg,w_4af7c01
3b805da58.jpg,w_38de45d
3b8cee01e.jpg,w_bf960fa
3baef398c.jpg,w_2d0cfc1
3bb028330.jpg,w_cbb15d2
3bb1b5906.jpg,w_2365d55
3bfa92e6c.jpg,w_6071978
3c009d321.jpg,w_6279534
3c35ab685.jpg,w_9a91c1e
3c3ad9832.jpg,w_f793b1f
3c4235ad2.jpg,w_0027efa
3c48c62c2.jpg,w_71df35a
3c5bbc211.jpg,w_7d44896
3c731d8bd.jpg,w_1b7eaad
3c81b70f4.jpg,w_f8c22dc
3c8256238.jpg,w_ec32fa6
3c89b9105.jpg,w_d066f46
3c8c68129.jpg,w_c85ff1e
3c90ae279.jpg,w_2b65b34
3cad1ad01.jpg,w_67a9841
3cb040c0a.jpg,w_817d53c
3cb56f16e.jpg,w_c8bbb43
3cb958ffd.jpg,w_aa0dacc
3cba09780.jpg,w_2e374c0
3cc817781.jpg,w_0f73f48
3ccfa4891.jpg,w_83a4279
3cd9242f5.jpg,w_37d2f3a
3ced63ca9.jpg,w_c01c1f4
3d12fb1c5.jpg,w_83b2336
3d19e22cd.jpg,w_218fe4a
3d1c79253.jpg,w_ea05006
3d25938c7.jpg,w_c55c51d
3d2a12e83.jpg,w_c2a1bc4
3d2c3f388.jpg,w_9cf0388
3d34f1605.jpg,w_d980663
3d3530433.jpg,w_37d2f3a
3d42ef0ca.jpg,w_fdd3687
3d69a3025.jpg,w_6e97ef4
3d79cf9f3.jpg,w_2df85e7
3d8524534.jpg,w_6e6307e
3d8d9ddee.jpg,w_f829227
3da1a2906.jpg,w_06a10b4
3dad5ad0c.jpg,w_98d094e
3dae4eb52.jpg,w_bf41c21
3daffa90c.jpg,w_62c78f3
3db0abc03.jpg,w_bdded04
3db9d181e.jpg,w_7c77c5c
3e0dee91c.jpg,w_a2f8488
3e10a6197.jpg,w_11ff425
3e176c550.jpg,w_c6fe966
3e2438892.jpg,w_accb0cb
3e555ba18.jpg,w_3108dce
3e68dd2fc.jpg,w_fccccec
3e699c86a.jpg,w_a6703dd
3e7c9db0b.jpg,w_b3196aa
3ea3015f9.jpg,w_aa32f70
3ea3f4317.jpg,w_accb0cb
3ed6369b4.jpg,w_e2a09d4
3ee043464.jpg,w_2964e0b
3ee226849.jpg,w_0350bf4
3efdae078.jpg,w_2964e0b
3f0c8a20c.jpg,w_025911c
3f164efce.jpg,w_32eac70
3f22b5160.jpg,w_c25d2d1
3f4872061.jpg,w_8003858
3f5a50ba4.jpg,w_b805777
3f5eeb981.jpg,w_8c25681
3f62ac608.jpg,w_659bdb8
3fb971c6b.jpg,w_aa0dacc
3fc307587.jpg,w_0a619af
3fd3e4481.jpg,w_c16cb2c
3fe4ef144.jpg,w_51fc1fc
3fe764c9f.jpg,w_213fb07
3ff918da4.jpg,w_9da1811
3ffe3d3a5.jpg,w_c875e45
4001c34cb.jpg,w_92f4498
400b9a569.jpg,w_4846b27
400f04e40.jpg,w_6189444
4011f1509.jpg,w_2365d55
402f0c1bd.jpg,w_c9b4607
403a2f554.jpg,w_2745292
403c79d68.jpg,w_40a8585
403c9588e.jpg,w_b9d5945
404046ebd.jpg,w_972e51e
4058afced.jpg,w_b128587
405c9f0c8.jpg,w_811c3a3
406657096.jpg,w_f408b56
406f3b7cc.jpg,w_89f521e
4076a5c2e.jpg,w_7e56d66
40770393b.jpg,w_aee1ccf
40b63c578.jpg,w_4c07458
40bfce684.jpg,w_c0d11da
40c421fb6.jpg,w_003bae6
40c692d3a.jpg,w_7aea0b8
40d66418c.jpg,w_555dcb4
40e13028c.jpg,w_4ff2f4a
40e284727.jpg,w_242fb46
40e952f26.jpg,w_f75ed58
40ed1bab9.jpg,w_67a9841
40f756a23.jpg,w_8431ae8
40fa594c1.jpg,w_518a722
40ffe80d2.jpg,w_c01c1f4
4104a16ce.jpg,w_f829227
4106fec02.jpg,w_a47dc2d
410e05dfc.jpg,w_d066f46
4118566ef.jpg,w_00904a7
411ff2aeb.jpg,w_99e43ae
4135b867e.jpg,w_83cc0ec
4137a917a.jpg,w_da011a1
413f06412.jpg,w_396c12b
41428391b.jpg,w_8cad422
41442002f.jpg,w_9d56f22
41470a718.jpg,w_51fc1fc
414db13ab.jpg,w_234713b
41669ea42.jpg,w_12cc52d
418820164.jpg,w_4ab3420
418ee76f2.jpg,w_8799716
419c553f9.jpg,w_c8bbb43
41af8a1a8.jpg,w_bf960fa
41b43b3ca.jpg,w_c0f1e04
41bbccd92.jpg,w_34120de
41c653c17.jpg,w_32da935
41c978e42.jpg,w_f7cd240
41cf6fd14.jpg,w_c875e45
41d561a2d.jpg,w_d066f46
41e398a98.jpg,w_83a4279
41ef21153.jpg,w_17a3a21
4206f5114.jpg,w_3f7d5f5
420cc3ace.jpg,w_12cc52d
421a764b4.jpg,w_27b7295
422992064.jpg,w_2ed0d2f
422e1b58c.jpg,w_16df050
422e2a81d.jpg,w_9713cc3
424689c9d.jpg,w_bf960fa
424a1defe.jpg,w_88b3466
425f763ca.jpg,w_bc7de9f
426a79122.jpg,w_b9ee9d1
4275b9298.jpg,w_0bc078c
42b46533b.jpg,w_8dcdb19
42ba4dd5f.jpg,w_8a6a8d5
42dc57b4b.jpg,w_9d86594
42e3324e2.jpg,w_714f89f
42e754a9f.jpg,w_da011a1
42f60d8c9.jpg,w_bb4f52e
4302b3d58.jpg,w_36bbd71
430a117cf.jpg,w_5116e7e
4312df11b.jpg,w_de657c1
431a8ddcc.jpg,w_4af7c01
432353a53.jpg,w_aa0dacc
43278d7e9.jpg,w_e2a09d4
43393208a.jpg,w_15805cd
433deb72b.jpg,w_b3cc7b3
433faff67.jpg,w_d6d89ed
4344872df.jpg,w_a780b2d
4360825d8.jpg,w_89f521e
43610ee69.jpg,w_3fe5d56
4372098f2.jpg,w_0815d2c
4384c6456.jpg,w_80124ae
438c3da12.jpg,w_c55c51d
438cbbf2f.jpg,w_022b708
438cd2452.jpg,w_0bc078c
439320f0c.jpg,w_3b03149
439754174.jpg,w_bdded04
439867f0f.jpg,w_40a8585
439952c10.jpg,w_fccccec
43c5a900e.jpg,w_5d6ba39
43c74df8a.jpg,w_fbfe96b
43d58590e.jpg,w_0b1e4a6
43dd2a4fb.jpg,w_c01c1f4
43dfdb004.jpg,w_53feb91
43f2f6cf4.jpg,w_c8d5ad5
44016c19d.jpg,w_6caff0f
440f05fd9.jpg,w_f66ec54
4417106a6.jpg,w_aa0dacc
441caedd6.jpg,w_2365d55
4431bc776.jpg,w_2365d55
4433fce31.jpg,w_aa32f70
443a9c25f.jpg,w_d066f46
4442576f4.jpg,w_8f1069a
4444f4b3d.jpg,w_06a10b4
44491bbfb.jpg,w_accb0cb
4450eec40.jpg,w_fe881f2
44703d01f.jpg,w_70d0b3c
44761ed45.jpg,w_7e56d66
448ad7310.jpg,w_dee1053
449c5649d.jpg,w_d6d89ed
44a621d17.jpg,w_f793b1f
44a8db31a.jpg,w_d494351
44c108310.jpg,w_b3cc7b3
44c164dc0.jpg,w_8c25681
44c73f2e9.jpg,w_b128587
44caec300.jpg,w_a8276b4
44cd30b4c.jpg,w_51fc1fc
453fecdb4.jpg,w_e2a09d4
454ea4c8d.jpg,w_b3ca4b7
454ee2805.jpg,w_34120de
45645caf0.jpg,w_1f1cee1
456890b76.jpg,w_3fe5d56
45739d963.jpg,w_7a8ce16
4574e9463.jpg,w_55b77ce
45862852a.jpg,w_b3e445e
459481c40.jpg,w_8eae2c3
4597e2458.jpg,w_2d6bb89
45b52b9af.jpg,w_55b77ce
45ca35fde.jpg,w_2f67f0a
461592d9c.jpg,w_e897a60
461c0a1a8.jpg,w_d7b6f17
4624dc3d9.jpg,w_12cc52d
462b0f305.jpg,w_7e56d66
462d160c9.jpg,w_be4f189
463451db0.jpg,w_f602022
46377769c.jpg,w_591a2c5
467133f2e.jpg,w_edce644
468ff023d.jpg,w_d10d0c5
46a761e3e.jpg,w_263fcb0
46ba9130c.jpg,w_c6c89db
46cedf293.jpg,w_207f153
46d0a50d6.jpg,w_b330c85
46d8c5648.jpg,w_c0d11da
46df301d9.jpg,w_2b4b82e
46e4e976b.jpg,w_003bae6
472fc49d1.jpg,w_d066f46
473164eae.jpg,w_bd1c3d5
4736f6240.jpg,w_e2372d6
4738097b4.jpg,w_7ffc63c
474195c88.jpg,w_15805cd
475500ed1.jpg,w_4ff2f4a
476cfbf4d.jpg,w_bff3c3b
477317dbe.jpg,w_ae8982d
477bcf0f1.jpg,w_d573a68
478549f50.jpg,w_89f6097
47b1dd8b5.jpg,w_6a95be3
47bd1d3bb.jpg,w_0027efa
47d9ad983.jpg,w_00d50c9
47e04b769.jpg,w_dee1053
47e17af86.jpg,w_ea7bc89
47ed8ff8c.jpg,w_7e56d66
4804860cb.jpg,w_9544084
4838c8331.jpg,w_cbb15d2
4845c6b99.jpg,w_d892cd9
4889eb6dc.jpg,w_ddb62c2
48afdaa6a.jpg,w_53feb91
48b5e6fd5.jpg,w_69c06ad
48d4ebe3d.jpg,w_4a12050
48ed23fa3.jpg,w_9032a74
48f71caf0.jpg,w_2ed0d2f
48fb66a47.jpg,w_659bdb8
491d5c1af.jpg,w_53feb91
49217aba0.jpg,w_d602efb
492bf37ba.jpg,w_3fe5d56
4938b126b.jpg,w_c0f1e04
4967f8a97.jpg,w_e8c5ff0
4977df65a.jpg,w_0f8b8e2
49930270e.jpg,w_fdcaaa8
4994ab613.jpg,w_a2f8488
49b551eb5.jpg,w_c566a3d
49bf4801c.jpg,w_f829227
49c33cfa3.jpg,w_77f9c5f
49c65d018.jpg,w_cc1784d
49e1d1aac.jpg,w_23852a0
49e31ebbd.jpg,w_bf41c21
49e3d5217.jpg,w_cbb15d2
49ee99a58.jpg,w_50fd107
4a2e09a93.jpg,w_13c1b55
4a39cb401.jpg,w_760c469
4a57461b9.jpg,w_db68456
4a7d4ec6d.jpg,w_1788910
4aa4de13a.jpg,w_0abdaf4
4aada5349.jpg,w_bbfce38
4adb4709c.jpg,w_19f507e
4aeae18b9.jpg,w_d6f0be4
4afe20ae4.jpg,w_00904a7
4b01ee811.jpg,w_d494351
4b13a78b7.jpg,w_40a8585
4b13f4c63.jpg,w_c566a3d
4b354cff9.jpg,w_b99f945
4b6605393.jpg,w_c9b4607
4b8a405ec.jpg,w_446a02d
4bac88d09.jpg,w_90fb95b
4bb847a3e.jpg,w_e2e7384
4bd09e7eb.jpg,w_fec331a
4bd43e53d.jpg,w_ba4f96c
4be3612e7.jpg,w_5f20f03
4be51b03d.jpg,w_263fcb0
4be97b307.jpg,w_55b77ce
4c0b79d58.jpg,w_45246db
4c1150745.jpg,w_4516d31
4c13d7530.jpg,w_ad343a6
4c198887b.jpg,w_872f131
4c1db0aa3.jpg,w_12aae3e
4c30fa9eb.jpg,w_16dfac7
4c39bca0e.jpg,w_b938e96
4c3ce3019.jpg,w_1834b49
4c3f1721a.jpg,w_df32eec
4c4256cfb.jpg,w_9438119
4c4ace4c4.jpg,w_60a54be
4c4d468b1.jpg,w_92f4498
4c707b23c.jpg,w_0ee7878
4c816b397.jpg,w_1c6465a
4c8249bbe.jpg,w_4c07458
4c9421152.jpg,w_41d24c6
4ca3f4267.jpg,w_8f4d879
4cb90f820.jpg,w_e27bbf6
4cbf580f9.jpg,w_eaed433
4ccd2da4f.jpg,w_c6d918a
4ccd9849b.jpg,w_fbc7895
4cd0d7178.jpg,w_ab2ac77
4cf4184db.jpg,w_cc1784d
4cfcb1a58.jpg,w_0f73f48
4d0113291.jpg,w_28c330c
4d050298e.jpg,w_007fefa
4d0d2b77a.jpg,w_ae393cd
4d28d461f.jpg,w_d7b6f17
4d33cec45.jpg,w_fc6dd24
4d378a0b2.jpg,w_85d9229
4d478723a.jpg,w_e07b79f
4d4cfd4a8.jpg,w_d8a47de
4d7bbc98b.jpg,w_e9e413e
4d811f646.jpg,w_9fc06d4
4d93919c9.jpg,w_f971ecb
4d97e54b7.jpg,w_5d6ba39
4da42e23a.jpg,w_aa32f70
4db0c011a.jpg,w_36bbd71
4db8c61cd.jpg,w_698fcbe
4dbdd08b8.jpg,w_d236b51
4de32a7d5.jpg,w_f459442
4de4f8a91.jpg,w_4130233
4e2803603.jpg,w_83a4279
4e35d689c.jpg,w_d947e85
4e361d4dd.jpg,w_d0475b2
4e399e27c.jpg,w_a059841
4e5231fc3.jpg,w_eba33fb
4e5c76d74.jpg,w_e01ca20
4e5f00640.jpg,w_1b7eaad
4e668c36b.jpg,w_efe3a39
4e824e5c5.jpg,w_0bc078c
4e91d637d.jpg,w_b9d5945
4ea01a384.jpg,w_7aea0b8
4eac92683.jpg,w_96985c1
4eba79ed5.jpg,w_a190a88
4ed0abdae.jpg,w_1e85eea
4edaa1d57.jpg,w_97ba78a
4ede10890.jpg,w_e2372d6
4eed9da1b.jpg,w_edce644
4ef0f36db.jpg,w_df27de9
4ef1ea69c.jpg,w_990921b
4ef8a9e5a.jpg,w_3eae264
4f031c62a.jpg,w_bd1c3d5
4f0be568a.jpg,w_0b1e4a6
4f0be7a51.jpg,w_3da0eae
4f4205526.jpg,w_15805cd
4f5e60797.jpg,w_40a8585
4f7706e20.jpg,w_6f0cbe3
4f7b7ce5c.jpg,w_36bbd71
4f7efdb64.jpg,w_dea40e2
4f818cae2.jpg,w_94e136e
4f81cda77.jpg,w_861e504
4f8f4c78d.jpg,w_6e97ef4
4f93de1d5.jpg,w_2b4b82e
4fa1367d8.jpg,w_0a619af
4fb8d7843.jpg,w_8193215
4fd6c45b8.jpg,w_1e85eea
4fe66198b.jpg,w_8a1b71c
502e646c1.jpg,w_d066c0a
5030602f2.jpg,w_a10e633
5042025dc.jpg,w_73d71d2
505e859e3.jpg,w_242fb46
5065204d1.jpg,w_c073f96
5069af2f0.jpg,w_b3ca4b7
5094e6fcf.jpg,w_be4f189
509b52938.jpg,w_9739508
50b25b545.jpg,w_91b678a
50c18c0b8.jpg,w_c16cb2c
50da0f4dc.jpg,w_8a6a8d5
50e5c2e48.jpg,w_5bf792a
5117e04c0.jpg,w_b3ca4b7
511d9b173.jpg,w_c16cb2c
512afbb20.jpg,w_28218e1
513e20672.jpg,w_0a619af
5142547af.jpg,w_1e85eea
5151783ee.jpg,w_234713b
51729898a.jpg,w_6caff0f
518140789.jpg,w_accb0cb
51a25bbff.jpg,w_c8bbb43
51acbd3f4.jpg,w_ea902fb
51b358f5a.jpg,w_5650932
51b728aca.jpg,w_c684a38
51b73b56d.jpg,w_46c4c49
51c23b42e.jpg,w_2c94198
51dc4ed6c.jpg,w_f648d33
51f5701fd.jpg,w_9c68fe8
51fe93fb2.jpg,w_e01ca20
521255ad1.jpg,w_fc6dd24
52180ac9d.jpg,w_9eb2d2a
522379456.jpg,w_6f0cbe3
5235ee409.jpg,w_83cc0ec
524253588.jpg,w_4ab3420
527b39fa4.jpg,w_1419d90
52906f67e.jpg,w_8936c44
5291a96ea.jpg,w_3643be7
529743781.jpg,w_e9e413e
5297b6c40.jpg,w_34120de
529cf7f00.jpg,w_f276da3
52af163a3.jpg,w_a6a732d
52d15a86f.jpg,w_83cc0ec
52e0fe943.jpg,w_0cbf1b3
52fd38dc1.jpg,w_a8c2847
5312c03bf.jpg,w_dea40e2
5317edfd4.jpg,w_d236b51
531e82ef9.jpg,w_72f3685
532c79a37.jpg,w_5816f86
533150966.jpg,w_50e8d58
5331dca6a.jpg,w_bc677de
533329c32.jpg,w_dea40e2
534001e4c.jpg,w_11d8c70
5353216d6.jpg,w_36bbd71
5363327d6.jpg,w_ac2c28e
53952ef60.jpg,w_edce644
53be367a4.jpg,w_6189444
53bef22bb.jpg,w_92f4498
53c38d05a.jpg,w_f74a89e
53c483ab5.jpg,w_4ff2f4a
53d158a3b.jpg,w_518a722
53ea71ce6.jpg,w_be1f602
53f504f45.jpg,w_242fb46
53fee1532.jpg,w_c1d2fbe
541a26aea.jpg,w_da011a1
541dda6ec.jpg,w_07768b0
5426728a8.jpg,w_fccccec
542f7098e.jpg,w_accb0cb
5430c12aa.jpg,w_446a02d
54563e691.jpg,w_2df85e7
54565a121.jpg,w_e9b4719
5457aee09.jpg,w_75f6ffa
546193e6b.jpg,w_99e43ae
54a5608d9.jpg,w_ae8982d
54acf2259.jpg,w_260ff2c
55114b599.jpg,w_17a3a21
553147ff4.jpg,w_e99ed06
5537f20a2.jpg,w_eba33fb
5549b0d9a.jpg,w_53215c6
555c62470.jpg,w_2e4cb98
55818df22.jpg,w_fdd3687
558329821.jpg,w_23852a0
559706d7e.jpg,w_30f2f0f
55a882930.jpg,w_c734fa4
55aacd677.jpg,w_45246db
55b35ed21.jpg,w_7c77c5c
55beace14.jpg,w_58afeb2
55c786b7d.jpg,w_dc651ad
55cdec1bc.jpg,w_9fc06d4
55ea0207c.jpg,w_16b5050
55f5361a8.jpg,w_abc5af2
55feede27.jpg,w_760c469
56048cd30.jpg,w_69b5ace
560d986ad.jpg,w_b3e445e
5664021df.jpg,w_817d53c
566f4ef95.jpg,w_022b708
56a8410d5.jpg,w_3ff114c
56c352548.jpg,w_4ff2f4a
56d794213.jpg,w_df5bf3d
56d956855.jpg,w_e27bbf6
56e9e866c.jpg,w_8ea9f68
57046b980.jpg,w_972e51e
57184882d.jpg,w_2d6596f
5736107a2.jpg,w_88b3466
57383d4b3.jpg,w_8193215
57525f395.jpg,w_939423d
5773e6a79.jpg,w_5b227ec
578239967.jpg,w_94e136e
579130671.jpg,w_ddb62c2
579a2b4b8.jpg,w_7d44896
579cb55a9.jpg,w_2e374c0
579cc276a.jpg,w_c6d918a
57bf92dc1.jpg,w_4ab3420
57dc8bf2d.jpg,w_e99ed06
57e1056dd.jpg,w_2e4cb98
57f179c66.jpg,w_5a3e0de
57fcffc38.jpg,w_72f3685
58181f87e.jpg,w_13aa123
58402d0fc.jpg,w_4888003
584417569.jpg,w_e9b4719
585887556.jpg,w_accb0cb
58775d464.jpg,w_2745292
58909134b.jpg,w_fbcfe74
5896f0ec1.jpg,w_6071978
58bc101e8.jpg,w_555dcb4
58bc661b5.jpg,w_0135f5f
58c49d387.jpg,w_e4a9205
58f04c5df.jpg,w_d0528f6
58f3fb400.jpg,w_456646a
58fb3bdc9.jpg,w_aee1ccf
5907f3c72.jpg,w_f8c22dc
590b15e56.jpg,w_5d6ba39
590fd3ee0.jpg,w_3b03149
5918c5af2.jpg,w_02aa597
5930086de.jpg,w_aabdf8c
5934e01ea.jpg,w_0027efa
593653ce3.jpg,w_6dbfd7a
59410bb5b.jpg,w_4516ff1
594e08aef.jpg,w_f787e93
5960cc0d9.jpg,w_3ec7fa2
5966e9e70.jpg,w_9739508
596c89820.jpg,w_ea05006
599941f8d.jpg,w_13c1b55
59c788f3e.jpg,w_b9ee9d1
59d39d538.jpg,w_de657c1
59dcbad4b.jpg,w_c5260b8
59e185d0c.jpg,w_71d5ba2
59ec87583.jpg,w_b3197c6
59f1dcb97.jpg,w_b9c99cc
59f533487.jpg,w_f66ec54
59fa2f74e.jpg,w_691f2f6
59fca0fda.jpg,w_72f3685
5a2024669.jpg,w_23e1d57
5a2476586.jpg,w_3bf2653
5a2ebf080.jpg,w_0abdaf4
5a35f6ded.jpg,w_8cad422
5a41c0fba.jpg,w_98d094e
5a42d8d25.jpg,w_07768b0
5a4661384.jpg,w_4690940
5a5e02152.jpg,w_71d5ba2
5a674a4d8.jpg,w_87e5b68
5a795fffa.jpg,w_08d62ee
5a8caa94c.jpg,w_8b86b95
5a98fd44e.jpg,w_abc5af2
5aaa4d47e.jpg,w_07768b0
5ab821ac1.jpg,w_0ee7878
5ad7feb2b.jpg,w_972e51e
5adafc2cf.jpg,w_0ee7878
5adcf058b.jpg,w_6dbfd7a
5b0aeacb0.jpg,w_f128a4d
5b0cc1880.jpg,w_b938e96
5b11f1732.jpg,w_4ea4f59
5b199a5d0.jpg,w_d588fb4
5b2421692.jpg,w_48aa237
5b259d879.jpg,w_ec32fa6
5b3c34365.jpg,w_a10e633
5b3f38dc8.jpg,w_b128587
5b4c2f872.jpg,w_9d29561
5b5a6d557.jpg,w_dee1053
5b64d5f31.jpg,w_94f41dc
5b89321e6.jpg,w_6cfa650
5b913f7f7.jpg,w_ac2c28e
5b94984c6.jpg,w_e27bbf6
5b96a2a48.jpg,w_5f20f03
5b9e7ed3c.jpg,w_8d9d59a
5ba42f4e3.jpg,w_9b3076d
5ba541a4b.jpg,w_6e97ef4
5bb19b71c.jpg,w_4fdff73
5bb67c214.jpg,w_ddb62c2
5bbe18a1f.jpg,w_b9ee9d1
5bc03c8ce.jpg,w_cda3971
5bd06ec6f.jpg,w_4846b27
5bdc91fd0.jpg,w_d947e85
5c077dd40.jpg,w_00904a7
5c1239498.jpg,w_c1d2fbe
5c16a4316.jpg,w_b3196aa
5c1e9e99a.jpg,w_ab2ac77
5c28cc37d.jpg,w_48aa237
5c59d55ef.jpg,w_9544084
5c622efaa.jpg,w_f3b2948
5c6b15b4a.jpg,w_81d4bd6
5c75dc38a.jpg,w_9da1811
5c77dcd23.jpg,w_4ab3420
5c819db40.jpg,w_611d18b
5c9e7ba6d.jpg,w_c684a38
5ca9876b0.jpg,w_8936c44
5cc3ee34b.jpg,w_2745292
5cecc5aed.jpg,w_ca66b79
5ced9142d.jpg,w_decafbd
5cfb99a63.jpg,w_d9a3c6e
5cfc61119.jpg,w_3ec7fa2
5d1e69baa.jpg,w_c0f1e04
5d2b57de1.jpg,w_af48048
5d2d9c41a.jpg,w_b99f945
5d5d62da8.jpg,w_5d1b1a7
5d81a1a67.jpg,w_7c27fbd
5d8560846.jpg,w_c0f1e04
5d85d10e6.jpg,w_eba33fb
5d86af018.jpg,w_9713cc3
5d9c07666.jpg,w_b02ac52
5db4348dd.jpg,w_0cbf1b3
5db974280.jpg,w_a6a732d
5dc5d018f.jpg,w_990921b
5dc7d2aeb.jpg,w_b44e89d
5dcd654a1.jpg,w_c1efffb
5dd55238c.jpg,w_9544084
5dd70a268.jpg,w_9fc06d4
5e1efd0e3.jpg,w_6f7611c
5e2467731.jpg,w_75f6ffa
5e250e37c.jpg,w_2d6596f
5e27cc7f3.jpg,w_7d44896
5e3c3eece.jpg,w_4516ff1
5e5592a04.jpg,w_698fcbe
5e73bd4ed.jpg,w_d066c0a
5e77d176a.jpg,w_e8c5ff0
5e7beef6e.jpg,w_5f20f03
5e84781dd.jpg,w_85d9229
5ec57fc1a.jpg,w_60a54be
5ec90a5ec.jpg,w_51e7506
5ee059bf4.jpg,w_c1efffb
5ee98ae0c.jpg,w_939423d
5ef945925.jpg,w_2af46a8
5f0b6cfa3.jpg,w_71d5ba2
5f115fa0e.jpg,w_d8a47de
5f447e972.jpg,w_13aa123
5f5ecbb72.jpg,w_6c995fd
5fa518bea.jpg,w_9438119
5fe43fc9f.jpg,w_c0d11da
5fe573639.jpg,w_a780b2d
6023a8432.jpg,w_6df47c6
6024f0e5d.jpg,w_97ba78a
602ae4079.jpg,w_5d5c6a6
603cdf00e.jpg,w_0cbf1b3
6045575a7.jpg,w_6e97ef4
605a6ab75.jpg,w_3da0eae
6063aa592.jpg,w_dd944b7
606d7764d.jpg,w_553d1ef
606edf0e6.jpg,w_9bd2794
607ba73d0.jpg,w_6fce84d
60846bcf3.jpg,w_c85ff1e
608cc339e.jpg,w_0ee7878
60936a76c.jpg,w_58afeb2
60a3f2422.jpg,w_7a8ce16
60b386509.jpg,w_46c4c49
60c0224c8.jpg,w_da011a1
60cabdded.jpg,w_a059841
60ed9ef5a.jpg,w_0abdaf4
60fad54fb.jpg,w_d10d0c5
60fbed377.jpg,w_fd906cc
6104af843.jpg,w_aa32f70
61128e025.jpg,w_12ce4f8
612f6b33e.jpg,w_b3cfa1d
614f10ee7.jpg,w_16b5050
61807d397.jpg,w_eb13108
618ba4e7a.jpg,w_72f3685
61ad2ad83.jpg,w_0f8b8e2
61bbeaf9f.jpg,w_5650932
61bdb07db.jpg,w_9cf0388
61bea3bae.jpg,w_d875f4d
61cab5762.jpg,w_e5ab551
61d61fc43.jpg,w_45246db
61d8ef041.jpg,w_f1b6eea
61f59912b.jpg,w_f74a89e
620a09371.jpg,w_ae393cd
620e3cb2d.jpg,w_5c51475
62143fb34.jpg,w_a2f8488
622ad6e32.jpg,w_4c07458
6232bc7f0.jpg,w_b3197c6
624537afe.jpg,w_c55c51d
62474fd59.jpg,w_1d532b4
624a8fe7b.jpg,w_14ece76
624eb50e9.jpg,w_96985c1
625dd4b3e.jpg,w_c63c580
62624a245.jpg,w_e2e7384
6273a4bac.jpg,w_d3b1733
627d290f9.jpg,w_0f56fb2
629173d21.jpg,w_fbc7895
629366e7e.jpg,w_0135f5f
6294a9fad.jpg,w_f408b56
62a137f79.jpg,w_9d56f22
62b4b391c.jpg,w_0abdaf4
62b62d95e.jpg,w_88065f2
62d99b443.jpg,w_cefd512
62f1dbfbc.jpg,w_28c330c
6307d3262.jpg,w_91b678a
630f0f209.jpg,w_8b86b95
630f52994.jpg,w_c0f1e04
631615c0d.jpg,w_91b678a
63248da97.jpg,w_456646a
6325cd7bc.jpg,w_872f131
6329beb90.jpg,w_a6a732d
63308c4ab.jpg,w_6c995fd
633d68f34.jpg,w_cda3971
63440c7ba.jpg,w_1419d90
6346260e7.jpg,w_fd906cc
63492795c.jpg,w_fd906cc
6351e996c.jpg,w_2f67f0a
6367e10a0.jpg,w_37e61c2
636a61739.jpg,w_5a9abcf
637b12ea2.jpg,w_cefd512
638324fa8.jpg,w_37e61c2
63884cd7c.jpg,w_7a8ce16
63944c190.jpg,w_d980663
639d8a2bd.jpg,w_efa100e
63afcbcc0.jpg,w_e3956f5
63b07d828.jpg,w_c2a1bc4
63c0bc1f7.jpg,w_551f361
63c629538.jpg,w_71d5ba2
63c8c05a7.jpg,w_fbcfe74
63dbf735d.jpg,w_c058057
63ec971ae.jpg,w_6525e6b
63f35c66b.jpg,w_87e5b68
641d05a75.jpg,w_551f361
64371b99d.jpg,w_34120de
644a37c7f.jpg,w_decafbd
645300669.jpg,w_00d50c9
645307b04.jpg,w_94f41dc
64607f7fd.jpg,w_218fe4a
646591efb.jpg,w_6a95be3
6465ac670.jpg,w_4c07458
646936448.jpg,w_a586dce
646a37762.jpg,w_eaed433
648235a59.jpg,w_b9c99cc
64894ec3f.jpg,w_f829227
649733b79.jpg,w_55b77ce
64a6efa1b.jpg,w_a8276b4
64a80fd6b.jpg,w_f1b6eea
64ad3b4cd.jpg,w_55b77ce
64e762ce4.jpg,w_fec331a
64e7c9d9b.jpg,w_9438119
64fc84bb8.jpg,w_a6a732d
652a37678.jpg,w_9032a74
6538ef17f.jpg,w_8a1b71c
6545ebf73.jpg,w_62c78f3
654f36363.jpg,w_f3b2948
65558bf45.jpg,w_80124ae
655e5b607.jpg,w_9438119
657385c03.jpg,w_d602efb
65ac0b7a6.jpg,w_8936c44
65ca08d5a.jpg,w_9c68fe8
65f0bedaf.jpg,w_04d4568
65fab0c29.jpg,w_37e61c2
66091b5d9.jpg,w_8f1069a
66119aa95.jpg,w_456646a
661210acf.jpg,w_872f131
6613985b1.jpg,w_de657c1
661e90403.jpg,w_591a2c5
6622b7f2c.jpg,w_939423d
662cbce7b.jpg,w_bf2b915
664014fcc.jpg,w_0f73f48
664de8948.jpg,w_6f7611c
664e007c5.jpg,w_eb13108
66552e429.jpg,w_aabdf8c
6657fc566.jpg,w_d573a68
669389c00.jpg,w_6a95be3
66c9b3b31.jpg,w_9b3076d
66da6c349.jpg,w_81d4bd6
66f3dab5c.jpg,w_57aeea3
670244e21.jpg,w_8431ae8
670f0b8f0.jpg,w_8dcdb19
6734804ac.jpg,w_f128a4d
6734ad6a6.jpg,w_d588fb4
675230b8c.jpg,w_94a7669
6757a3c43.jpg,w_cc1784d
677a14d01.jpg,w_51e7506
6786aaf7e.jpg,w_ca66b79
679958ab0.jpg,w_1d0830e
679a192e7.jpg,w_f773fbe
679c9e3dd.jpg,w_861e504
67b36da60.jpg,w_985d205
67bd03f6b.jpg,w_c5260b8
67d0203a9.jpg,w_d9a3c6e
67f7d3b91.jpg,w_c8bbb43
67fbe6a51.jpg,w_4888003
67fc377fd.jpg,w_bf41c21
683707539.jpg,w_d97c490
683924a37.jpg,w_b3cde16
684eea98c.jpg,w_38de45d
68580b658.jpg,w_2b4b82e
68595139b.jpg,w_9697236
685c18b87.jpg,w_ab44ae4
685f51102.jpg,w_691f2f6
6860d6627.jpg,w_e13f4e8
6878f63a6.jpg,w_1c6465a
687b4a187.jpg,w_218fe4a
68b1710b1.jpg,w_fdd3687
68c776206.jpg,w_9eaef8f
68d2ac09f.jpg,w_7656c1a
68d3b0bc4.jpg,w_fec331a
68ef9b93e.jpg,w_5babd8c
68fca230e.jpg,w_2f1488c
691834a30.jpg,w_5841fb9
693284b63.jpg,w_decafbd
695358817.jpg,w_b805777
69647c7ce.jpg,w_fbcfe74
698817b38.jpg,w_e9e413e
69b5c19d3.jpg,w_4a28f21
69bb4fef3.jpg,w_08d62ee
69f16b412.jpg,w_ad343a6
69f62f2a4.jpg,w_d8a47de
69fd113d6.jpg,w_454f511
6a2e75bd0.jpg,w_0886321
6a37dbe56.jpg,w_ca66b79
6a38cb717.jpg,w_4516d31
6a71f51dd.jpg,w_0135f5f
6aa30d513.jpg,w_fc6dd24
6aa9b430b.jpg,w_15951db
6ac409992.jpg,w_6e6307e
6ac6340ed.jpg,w_6cfa650
6ad776e8c.jpg,w_f602022
6ae2c4a7e.jpg,w_1032bb6
6b0180ef3.jpg,w_fbcfe74
6b049fd9e.jpg,w_939423d
6b2923dbe.jpg,w_16dfac7
6b31b9009.jpg,w_84f9ab0
6b49dd09c.jpg,w_58afeb2
6b51326b9.jpg,w_f602022
6b57a2817.jpg,w_8e92662
6b609cdf2.jpg,w_3002b59
6b674012a.jpg,w_fec331a
6b743bbf3.jpg,w_bff3c3b
6b7998430.jpg,w_1834b49
6b7d944fc.jpg,w_5f20f03
6b9f88588.jpg,w_0887d9b
6ba1abaae.jpg,w_1d532b4
6bb6ad5ed.jpg,w_9b3076d
6bc6682fe.jpg,w_b938e96
6bd5e2d18.jpg,w_b5e6c80
6bd83296f.jpg,w_be1f602
6bdd668fd.jpg,w_8d9d59a
6bf2f35ef.jpg,w_6e6307e
6c12615cb.jpg,w_e4a9205
6c3e180c8.jpg,w_b5e6c80
6c42cf29d.jpg,w_0135f5f
6c4e0fec0.jpg,w_d8a47de
6c8a7c14f.jpg,w_e6450bc
6cd17961d.jpg,w_d494351
6cde587c8.jpg,w_d6aa3f3
6ce08868e.jpg,w_8003858
6ce806022.jpg,w_ac2c28e
6cf768716.jpg,w_f971ecb
6cf9e18e9.jpg,w_ae19ff0
6d38aa05c.jpg,w_dd944b7
6d510af2d.jpg,w_12ce4f8
6d818fc88.jpg,w_c63c580
6d96bcbff.jpg,w_50e8d58
6da1cceeb.jpg,w_cc1784d
6dabeae0e.jpg,w_30f2f0f
6db9d1879.jpg,w_3bf2653
6dd436097.jpg,w_662530e
6dd634a4d.jpg,w_f7cd240
6df1775da.jpg,w_1f1cee1
6df79cf3f.jpg,w_b9c99cc
6dfc2e733.jpg,w_80f481f
6e1604036.jpg,w_955bfe2
6e1ea9457.jpg,w_c0d11da
6e3004f1f.jpg,w_c058057
6e46dec13.jpg,w_be4f189
6e551b5a9.jpg,w_7aea0b8
6e56b06a5.jpg,w_d3b1733
6e6dc6c7c.jpg,w_8a1786f
6e7a73634.jpg,w_84f9ab0
6e94df446.jpg,w_2c94198
6ea221ccc.jpg,w_e818b1a
6eb58cbba.jpg,w_01cbbbd
6ebaf9d1b.jpg,w_df32eec
6ec807f6d.jpg,w_be4f189
6f1291447.jpg,w_94f41dc
6f1642139.jpg,w_7ffc63c
6f1857344.jpg,w_1834b49
6f1b72929.jpg,w_e2e7384
6f297824e.jpg,w_62c78f3
6f2ee2644.jpg,w_8b86b95
6f3f1538a.jpg,w_4ea4f59
6f7abb1be.jpg,w_f48451c
6f7d76497.jpg,w_8eae2c3
6f804166f.jpg,w_15951db
6f8ad222c.jpg,w_3eae264
6f8c84ab6.jpg,w_28c330c
6f9a14d8e.jpg,w_811c3a3
6faef4f7b.jpg,w_9da1811
6fb5cc1a5.jpg,w_6df47c6
6fd257f3e.jpg,w_93fddcb
6fd8e6e2c.jpg,w_5793f1c
70081876a.jpg,w_ba4f96c
7016e8518.jpg,w_57aeea3
701e28aa5.jpg,w_23852a0
702cc9a71.jpg,w_a88f2c1
70c4e7684.jpg,w_0886321
710a66371.jpg,w_e08506c
7111d3e8c.jpg,w_579e5f0
7116ce45e.jpg,w_90fb95b
712ab6b71.jpg,w_6279534
71487a063.jpg,w_213fb07
71517547a.jpg,w_8a1b71c
71706ea66.jpg,w_c5260b8
7186c0b33.jpg,w_030e2cf
71a49fb9f.jpg,w_d10d0c5
71aa05981.jpg,w_af48048
71b9dfe83.jpg,w_d588fb4
71c67bb31.jpg,w_2d6596f
72266ffd5.jpg,w_985d205
723b8a9e6.jpg,w_6525e6b
724fc2b47.jpg,w_bdded04
725042213.jpg,w_efa100e
72983b939.jpg,w_94a7669
72bb15adf.jpg,w_ae32f8b
72c22f3f4.jpg,w_8a6a8d5
72ccffe35.jpg,w_9d29561
72cf1f356.jpg,w_80f481f
72e4e0657.jpg,w_92f4498
72e623c89.jpg,w_0350bf4
72ea5026c.jpg,w_98d094e
72ead0a4d.jpg,w_0ee7878
72f2bf880.jpg,w_ec16cc4
7308f370d.jpg,w_3b03149
730d03eb1.jpg,w_2f1488c
7314ab0ef.jpg,w_d0bfef3
731971c72.jpg,w_d494351
731eb20ee.jpg,w_625e590
7321f47f2.jpg,w_73d71d2
735ba2c42.jpg,w_13c1b55
7375712d2.jpg,w_d8de44c
7387d6190.jpg,w_efa100e
7399db6cb.jpg,w_c55c51d
739f80106.jpg,w_68eaf36
73ac08e1c.jpg,w_abc5af2
73f558f3d.jpg,w_45246db
740a4dccb.jpg,w_57acd97
7410dbdef.jpg,w_f66ec54
74145c3ee.jpg,w_584e1dc
742a3195d.jpg,w_4a28f21
7444192d3.jpg,w_bb2c919
744db5fcb.jpg,w_eb13108
747622e89.jpg,w_c1efffb
748482113.jpg,w_90fb95b
74868978a.jpg,w_1b0db58
748dac31b.jpg,w_c1efffb
74aea391b.jpg,w_2d0cfc1
74c9fd974.jpg,w_25085e0
74cd18adc.jpg,w_b3e445e
74d6a0e9d.jpg,w_bf2b915
74d7e9950.jpg,w_46c4c49
74e20bf47.jpg,w_584e1dc
74e26e58e.jpg,w_fe881f2
751070bd4.jpg,w_6d8f72e
756a162d6.jpg,w_8193215
75c65d72e.jpg,w_4130233
75cd3df52.jpg,w_a88f2c1
75db69447.jpg,w_d0bfef3
75dc6c1a2.jpg,w_f459442
75de855bd.jpg,w_1d532b4
75e8b9b65.jpg,w_fe15413
75ef55443.jpg,w_7656c1a
75f724c61.jpg,w_8a1b71c
75fdb22ae.jpg,w_1d0830e
75ff0c0e5.jpg,w_f7cd240
7606a6008.jpg,w_1531bf5
7615831ce.jpg,w_16b5050
7616ee622.jpg,w_5a9abcf
7627c907f.jpg,w_f276da3
7632a134a.jpg,w_f75ed58
763a29b8b.jpg,w_9d56f22
763cea205.jpg,w_32da935
765b580c6.jpg,w_1032bb6
766f63f61.jpg,w_57acd97
76773be5f.jpg,w_96c6613
767e99899.jpg,w_872f131
76a195512.jpg,w_e818b1a
76a871a7d.jpg,w_27b7295
76d485735.jpg,w_7d44896
76d571d59.jpg,w_90fb95b
771a65be2.jpg,w_87e5b68
771c98d56.jpg,w_8ea9f68
7723dc3fd.jpg,w_f8c22dc
77459570d.jpg,w_efa100e
774cf1702.jpg,w_3ec7fa2
7765326f5.jpg,w_e2e7384
776e67327.jpg,w_dc662ea
77714a6a5.jpg,w_d10d0c5
77998a8e4.jpg,w_a586dce
77a44bf94.jpg,w_f48451c
77a5d0fa1.jpg,w_13aa123
77c1139d0.jpg,w_0f8b8e2
77d21d657.jpg,w_d875f4d
77d52ac69.jpg,w_7938c79
77d81bf6d.jpg,w_4441671
77d8f3fe9.jpg,w_0b398b2
77fd4840e.jpg,w_34120de
78006340a.jpg,w_b5e6c9c
78033cee3.jpg,w_2c94198
78121a156.jpg,w_77f9c5f
781225362.jpg,w_84f9ab0
781fe6b9a.jpg,w_bf2b915
7828ee757.jpg,w_c85ff1e
782a29284.jpg,w_0350bf4
783add849.jpg,w_0887d9b
785f092f5.jpg,w_e54d8f6
78667066e.jpg,w_ddb62c2
787a98897.jpg,w_6e0a45b
788a2531c.jpg,w_28218e1
78b6ecb10.jpg,w_8003858
78bc96c5b.jpg,w_030e2cf
78cad9583.jpg,w_6189444
78d3d615d.jpg,w_662530e
78efb2cd6.jpg,w_69c06ad
78f190f6c.jpg,w_5babd8c
78fc915e8.jpg,w_60a54be
7925942c5.jpg,w_8a1786f
793e50909.jpg,w_2745292
796748ca7.jpg,w_13aa123
797483fd7.jpg,w_65ffd7d
7984aa0a7.jpg,w_691f2f6
7995fb391.jpg,w_5f5f9ae
7997ec3a2.jpg,w_68c4ecf
799cffb67.jpg,w_8dcdb19
799df8c4f.jpg,w_8799716
79c43819d.jpg,w_f773fbe
79c77838d.jpg,w_f48451c
79daeab1a.jpg,w_6f7611c
7a00abf9b.jpg,w_2f74ff3
7a17a39a8.jpg,w_a47dc2d
7a198922e.jpg,w_9a91c1e
7a3c0d672.jpg,w_8a1786f
7a5340d2d.jpg,w_b5e6c80
7a69e505d.jpg,w_f276da3
7a8db8858.jpg,w_d947e85
7a97eaff1.jpg,w_3057209
7ab684729.jpg,w_5841fb9
7ae17ce60.jpg,w_7656c1a
7ae724280.jpg,w_b02ac52
7aea7b14f.jpg,w_7ffc63c
7aebe2d0a.jpg,w_8eae2c3
7aedd9233.jpg,w_e1f57e7
7af735b89.jpg,w_5645ed1
7af8db138.jpg,w_1a70f3a
7afaa85bd.jpg,w_e71f9c7
7b3175f06.jpg,w_0ee7878
7b3d6386b.jpg,w_2645f4d
7b42ef3ab.jpg,w_5d1b1a7
7b65cd231.jpg,w_811c3a3
7b6a293a2.jpg,w_0f25e6b
7b72cf27e.jpg,w_9cf0388
7b7e4a901.jpg,w_a743e09
7b9a5e4d8.jpg,w_0027efa
7b9b6447a.jpg,w_ea05006
7ba88fe2c.jpg,w_5841fb9
7bafe7f76.jpg,w_28218e1
7be37bbc7.jpg,w_0cfdaa5
7bfe21345.jpg,w_a10e633
7c2953994.jpg,w_1834b49
7c32903bd.jpg,w_97ba78a
7c3552792.jpg,w_e2e7384
7c38585cb.jpg,w_df32eec
7c47c9198.jpg,w_32838db
7c67bbafd.jpg,w_396c12b
7c78d8ef1.jpg,w_94a7669
7c9a018d5.jpg,w_d9a3c6e
7c9ebe75c.jpg,w_e1f57e7
7ccb46ea2.jpg,w_30f2f0f
7d0959de5.jpg,w_7c77c5c
7d308e8d4.jpg,w_0b398b2
7d39555d7.jpg,w_e54d8f6
7d4092820.jpg,w_20950a9
7d470521a.jpg,w_e5978cf
7d4f3c254.jpg,w_2c94198
7d6910939.jpg,w_fdcaaa8
7d73576bd.jpg,w_77c86af
7d7420437.jpg,w_d97c490
7d7ee825f.jpg,w_b3cde16
7d8c5c72e.jpg,w_6e209a8
7d9241b94.jpg,w_cda3971
7dadaa49f.jpg,w_d573a68
7db601d10.jpg,w_0815d2c
7dbefecdf.jpg,w_fd906cc
7dc5b3dfb.jpg,w_bb2c919
7dd485862.jpg,w_811c3a3
7dd8a6be1.jpg,w_748290a
7de681e6b.jpg,w_9eaef8f
7de685b14.jpg,w_91b678a
7dfb8ad55.jpg,w_6e209a8
7e26dde9f.jpg,w_6e0a45b
7e324f8f8.jpg,w_11d8c70
7e347554f.jpg,w_2c94198
7e3e5bb93.jpg,w_50e8d58
7e46e87b0.jpg,w_96985c1
7e5b193ce.jpg,w_13c1b55
7e5e69922.jpg,w_5821157
7e5f9b447.jpg,w_9eaef8f
7e70b13af.jpg,w_a743e09
7e7b9e6db.jpg,w_e9e413e
7e7bf20b5.jpg,w_e9cf335
7ebf66bad.jpg,w_a6703dd
7ecb51a52.jpg,w_e5ab551
7ee0c373a.jpg,w_cc1784d
7efc2cd0a.jpg,w_be776c7
7efcfdb99.jpg,w_28c330c
7f0f0457d.jpg,w_e9b4719
7f3c05db4.jpg,w_6f7611c
7f46790b8.jpg,w_f276da3
7f58f245e.jpg,w_53215c6
7f6f4cc69.jpg,w_efe3a39
7f7045705.jpg,w_6cfa650
7f7a63b8a.jpg,w_7a8ce16
7f7f9f2db.jpg,w_d892cd9
7f84522bf.jpg,w_14ece76
7f95fc1d8.jpg,w_a88f2c1
7fa2d3cfe.jpg,w_94a7669
7fe2b649f.jpg,w_d892cd9
7fe4e58fb.jpg,w_260ff2c
7fefb100c.jpg,w_4fdff73
802a5e2a1.jpg,w_15951db
804331825.jpg,w_65ffd7d
804b4ba9d.jpg,w_e6450bc
80544d1eb.jpg,w_0886321
8054868ba.jpg,w_93fddcb
806e4200c.jpg,w_efe3a39
8087f2535.jpg,w_9a9a2c8
80a0f2e9e.jpg,w_a2f8488
80a711cb0.jpg,w_9490369
80b04198c.jpg,w_14330a0
80ec5f45d.jpg,w_bf960fa
81066bb4a.jpg,w_d8de44c
810f4ba12.jpg,w_0887d9b
8116db041.jpg,w_c97ad94
812634571.jpg,w_3643be7
8140ae072.jpg,w_d573a68
8167d255b.jpg,w_77c86af
818832ed1.jpg,w_555dcb4
8192516d9.jpg,w_c684a38
81b501cee.jpg,w_80f481f
81bb5a72b.jpg,w_9490369
81deeb13d.jpg,w_e1f57e7
81e06e68c.jpg,w_5ff2049
81e53a84d.jpg,w_d8de44c
81f15adb4.jpg,w_6df47c6
820ca4187.jpg,w_e6450bc
8223ae8a6.jpg,w_4af7c01
82281a4f2.jpg,w_ae19ff0
822de1f6a.jpg,w_28218e1
8254b9829.jpg,w_5b227ec
82631cbc9.jpg,w_857cb95
8268d4c27.jpg,w_cac9bdb
826c82493.jpg,w_9d56f22
82788a404.jpg,w_50fd107
8287ae563.jpg,w_6279534
82a3698f5.jpg,w_d980663
82b4abfa2.jpg,w_32838db
82b58dc07.jpg,w_9b69214
82d263501.jpg,w_a6703dd
82fa0f1b9.jpg,w_23ce00e
83198e33a.jpg,w_58afeb2
8338c763f.jpg,w_eaed433
834b4e3bf.jpg,w_88065f2
83695371a.jpg,w_5d1b1a7
839e70552.jpg,w_218fe4a
83a12472e.jpg,w_b5e6c9c
83be86ac4.jpg,w_7e56d66
83d4f2cf5.jpg,w_9697236
83d84e206.jpg,w_1032bb6
83ded3b9e.jpg,w_5816f86
83f0a3832.jpg,w_3057209
840430f59.jpg,w_9b89c88
84164a54f.jpg,w_d6f0be4
84277a5b4.jpg,w_77c86af
842ae9560.jpg,w_c536a4a
843831a48.jpg,w_2d6596f
843f1f43c.jpg,w_0531ad5
8445ad031.jpg,w_3da0eae
844e7735f.jpg,w_90abfeb
8460d87f5.jpg,w_f829227
8461bbfb8.jpg,w_87e5b68
8475800d3.jpg,w_f5bf6df
84919b1ca.jpg,w_cac9bdb
849933cce.jpg,w_3002b59
84ab81e7d.jpg,w_e99ed06
84bf8893d.jpg,w_b3197c6
84d9d9599.jpg,w_8193215
84e0b393f.jpg,w_27a6304
84e2e177d.jpg,w_15805cd
84ead72f2.jpg,w_2745292
850710a9a.jpg,w_b3cfa1d
85098e666.jpg,w_260ff2c
85120262d.jpg,w_207f153
852ae8026.jpg,w_be776c7
852b29d59.jpg,w_d875f4d
85313c748.jpg,w_bf2b915
8544c0c2a.jpg,w_2745292
85502485e.jpg,w_aa32f70
855d5ff5e.jpg,w_2ed0d2f
8561cc70c.jpg,w_e9cf335
8574d7725.jpg,w_25f1a4e
859434d1a.jpg,w_eb13108
859a5bdd1.jpg,w_b3e445e
85c4fb96f.jpg,w_ad343a6
85e619fd0.jpg,w_b3cde16
85ffbe3fa.jpg,w_f3252ff
860765017.jpg,w_e01ca20
861be31de.jpg,w_d6f0be4
8642fa3a7.jpg,w_b938e96
8660e4a6e.jpg,w_23e1d57
86648ec62.jpg,w_01f14e1
869137af0.jpg,w_d0528f6
86e5e75ea.jpg,w_c684a38
86ea156b8.jpg,w_c2a1bc4
870c50cb1.jpg,w_f8c22dc
870fbb087.jpg,w_48aa237
872c77f7a.jpg,w_27b7295
873021917.jpg,w_25085e0
87422bd0c.jpg,w_f5bf6df
8772902f8.jpg,w_15951db
87a14e263.jpg,w_a6703dd
87ae911d3.jpg,w_27b7295
87ce2ddaf.jpg,w_1029215
87f3e33b8.jpg,w_a059841
87facc0bd.jpg,w_98d094e
88006ed71.jpg,w_0815d2c
8802985d0.jpg,w_94a7669
88096e69a.jpg,w_ae19ff0
881deb673.jpg,w_14330a0
88416cd68.jpg,w_eaed433
88456aa74.jpg,w_9cf0388
88623fe0b.jpg,w_f3252ff
88643e452.jpg,w_b5e6c9c
886b9a628.jpg,w_d6aa3f3
88925a7dc.jpg,w_8e92662
88a1c4901.jpg,w_85d9229
88b9564eb.jpg,w_bf2b915
88b96c5f5.jpg,w_20950a9
88c5c4588.jpg,w_b44e89d
88c6b8005.jpg,w_4130233
88ca23f79.jpg,w_61b9586
88cbdc3aa.jpg,w_d236b51
88da7d67a.jpg,w_27a6304
88f27dd8e.jpg,w_d97c490
88ff24d1e.jpg,w_1a70f3a
8900113e0.jpg,w_2f74ff3
891fd52b7.jpg,w_b9d5945
89256b91f.jpg,w_f648d33
892ad85f7.jpg,w_2d6596f
892eebe2c.jpg,w_7656c1a
893c0b0cf.jpg,w_fc10c15
896d997f8.jpg,w_6525e6b
8972f1669.jpg,w_7938c79
89907c5ca.jpg,w_c734fa4
89b0d8ef8.jpg,w_7d458aa
89b7683b9.jpg,w_553d1ef
89bf0987d.jpg,w_30f2f0f
89d28407e.jpg,w_32eac70
89d8c4a4b.jpg,w_d980663
89e955e11.jpg,w_e5ab551
89f387932.jpg,w_b3cfa1d
8a022a6d5.jpg,w_bff3c3b
8a2938fcc.jpg,w_662530e
8a2d327e1.jpg,w_0f8b8e2
8a457c898.jpg,w_3002b59
8a7b56ebc.jpg,w_abc5af2
8a8249a91.jpg,w_5116e7e
8adf90a95.jpg,w_817d53c
8ae1775bf.jpg,w_0cfdaa5
8ae522c1b.jpg,w_57db059
8b10ec025.jpg,w_2af46a8
8b28262be.jpg,w_8d0a2a2
8b2cdeece.jpg,w_e4a9205
8b656283f.jpg,w_0f25e6b
8b7000520.jpg,w_ba4f96c
8b716044e.jpg,w_0189b6d
8b9bde926.jpg,w_81d4bd6
8ba2a856c.jpg,w_02aa597
8bad5af50.jpg,w_f437f82
8bcb5d691.jpg,w_dc662ea
8c1dc75c0.jpg,w_c566a3d
8c21032ea.jpg,w_98f2705
8c2af4533.jpg,w_0350bf4
8c374b5f4.jpg,w_a3181a0
8c4722d77.jpg,w_4ea4f59
8c4bae30d.jpg,w_ab44ae4
8c612a5cd.jpg,w_c27588a
8c6b0ebbe.jpg,w_f787e93
8c8d54569.jpg,w_96c6613
8c9adb7f8.jpg,w_71df35a
8ca10c336.jpg,w_32da935
8cbd319e8.jpg,w_17a3a21
8cc81d604.jpg,w_19f507e
8ce51684a.jpg,w_d9a3c6e
8cfe78992.jpg,w_d980663
8cff33a00.jpg,w_a2f8488
8d071ec8b.jpg,w_d8a47de
8d0f90ed0.jpg,w_8a1786f
8d2236147.jpg,w_07768b0
8d30efaa4.jpg,w_6fe5b8e
8d44130b9.jpg,w_af48048
8d4603414.jpg,w_9490369
8d7e7ba85.jpg,w_e9b4719
8d8ad3790.jpg,w_2f1488c
8da7a67ef.jpg,w_107b98e
8db7ec6e3.jpg,w_46c4c49
8dcb614a9.jpg,w_1f1cee1
8df0b221f.jpg,w_9f13096
8df46b25f.jpg,w_bb4f52e
8e001429d.jpg,w_579e5f0
8e2bf6572.jpg,w_f793b1f
8e9bffc95.jpg,w_9c68fe8
8eae98f4f.jpg,w_fe15413
8ecc49ecf.jpg,w_fe881f2
8eccdf3d4.jpg,w_c9b4607
8ee165ac7.jpg,w_89f521e
8ef6d9545.jpg,w_b330c85
8f0d88701.jpg,w_b3197c6
8f1ead3b9.jpg,w_fbcfe74
8f30dc2fc.jpg,w_1029215
8f3490b0b.jpg,w_72f3685
8f5a5033e.jpg,w_e19a641
8f6129f93.jpg,w_50e8d58
8f8182893.jpg,w_d8de44c
8fa70d886.jpg,w_1032bb6
8faa4c3dc.jpg,w_1b0db58
8fb1bf044.jpg,w_bbfce38
8fd54017f.jpg,w_bd1c3d5
8fee37ace.jpg,w_1f1cee1
8ffd77687.jpg,w_5f20f03
9004a1448.jpg,w_d6d89ed
900fde6a7.jpg,w_ea902fb
901961c00.jpg,w_d980663
9031c4fd1.jpg,w_c536a4a
9060ac153.jpg,w_9eb2d2a
9064db0b4.jpg,w_c0d11da
9092cbc85.jpg,w_fbc7895
909415203.jpg,w_1b0db58
909ff3867.jpg,w_972e51e
90a34c856.jpg,w_1b0db58
90a473735.jpg,w_d10d0c5
90a4d2969.jpg,w_df5bf3d
90aca0a93.jpg,w_70d0b3c
911a56240.jpg,w_21b2790
9144c1b9f.jpg,w_a10e633
914e04d81.jpg,w_b3196aa
915f52b29.jpg,w_5793f1c
917576406.jpg,w_3b71107
917d0baad.jpg,w_5ff2049
918426690.jpg,w_57aeea3
91c9e4cc1.jpg,w_01f14e1
9200c024b.jpg,w_5a9abcf
9205a391a.jpg,w_94f41dc
921ac0c31.jpg,w_e3956f5
9223df3d5.jpg,w_46c4c49
9227bd606.jpg,w_0cfdaa5
922be7052.jpg,w_625e590
924517fac.jpg,w_7656c1a
924d79847.jpg,w_e01ca20
92e0eb391.jpg,w_ae32f8b
93024619e.jpg,w_c073f96
930517784.jpg,w_6d43e1d
931615098.jpg,w_99e43ae
93211c4ae.jpg,w_d3b1733
932b7c831.jpg,w_b5e6c80
934479b9f.jpg,w_6a95be3
934c7ee4e.jpg,w_a6703dd
936bfb901.jpg,w_bf2b915
939b07820.jpg,w_97ba78a
93b1a2979.jpg,w_6fce84d
93e123525.jpg,w_f3a12bc
941951fa4.jpg,w_17a3a21
94299d7ee.jpg,w_6d43e1d
94346ceb9.jpg,w_0f8b8e2
9442250e2.jpg,w_c97ad94
946065ca5.jpg,w_9021014
947d98d45.jpg,w_972e51e
948dc2d5a.jpg,w_1419d90
94a714127.jpg,w_c536a4a
94b3aa71d.jpg,w_c4b02b0
94ce03243.jpg,w_f3252ff
94d36e8e4.jpg,w_0718183
94e53caa1.jpg,w_db3cfa4
951b3b952.jpg,w_69b5ace
954dd3bf7.jpg,w_f75ed58
95677c46d.jpg,w_28c330c
95765c63a.jpg,w_3b03149
958e7f6c2.jpg,w_38de45d
95a6a1186.jpg,w_3f7d5f5
95a91b3c3.jpg,w_454f511
95c121729.jpg,w_f971ecb
95c53c732.jpg,w_5d1b1a7
95ca9d8cb.jpg,w_b99f945
95cb98352.jpg,w_14ece76
95da0a7fb.jpg,w_b4396ae
960961f8b.jpg,w_73d71d2
963542649.jpg,w_5f20f03
964894403.jpg,w_0f56fb2
9691a2d32.jpg,w_972e51e
969fc5279.jpg,w_5babd8c
96ab7849b.jpg,w_89f521e
96b9c6170.jpg,w_65ffd7d
96d5ea6ed.jpg,w_08d62ee
96e3ba4bc.jpg,w_f408b56
96eca4957.jpg,w_8193215
96ff775a5.jpg,w_93fddcb
9702f455b.jpg,w_6dbfd7a
97117c840.jpg,w_e13f4e8
971216bbd.jpg,w_244e953
9746f8a73.jpg,w_6d8f72e
975fac31e.jpg,w_e3956f5
9761f7e0e.jpg,w_20950a9
976a20219.jpg,w_e54d8f6
97728471d.jpg,w_0718183
977299c3f.jpg,w_e3956f5
97a9f98e6.jpg,w_b44e89d
97fcad729.jpg,w_3976c05
980d79f3f.jpg,w_f773fbe
983f6c9db.jpg,w_e54d8f6
9855221e2.jpg,w_d6d89ed
987fc60f9.jpg,w_23e1d57
98a0169ed.jpg,w_579e5f0
98aae12ca.jpg,w_9eb2d2a
98acac95a.jpg,w_2af46a8
98b157602.jpg,w_e13f4e8
98c8cbb26.jpg,w_c6d918a
98cd97695.jpg,w_2d6596f
98da24de7.jpg,w_0189b6d
9912e9a64.jpg,w_b950c88
99317f2c6.jpg,w_3ff114c
995c8d809.jpg,w_4a12050
996c59ab6.jpg,w_4c206e7
997614833.jpg,w_df5bf3d
9984d3630.jpg,w_9a9a2c8
99878b10d.jpg,w_93fddcb
9995a48fb.jpg,w_e8c5ff0
9999e595b.jpg,w_a743e09
99b7c75cf.jpg,w_01cbbbd
99c5938b0.jpg,w_3f7d5f5
99d53dfb1.jpg,w_0718183
99db5b896.jpg,w_f648d33
99e2778d7.jpg,w_107b98e
99e6e0859.jpg,w_857cb95
9a286a83d.jpg,w_f128a4d
9a4be1c2c.jpg,w_32838db
9a5ba63e9.jpg,w_b3cde16
9a698b6de.jpg,w_5645ed1
9a6a4a1c5.jpg,w_bff3c3b
9a827e2ab.jpg,w_625e590
9a9976a86.jpg,w_b330c85
9aa7635db.jpg,w_260ff2c
9ac607ab7.jpg,w_e9b4719
9ae8a8c92.jpg,w_9021014
9af5150f3.jpg,w_e25b062
9b16b547d.jpg,w_f3a12bc
9b2075cf9.jpg,w_dc662ea
9b53f8afe.jpg,w_6cfa650
9b56b47c2.jpg,w_3b71107
9b6cab407.jpg,w_5ff2049
9b785420f.jpg,w_9713cc3
9b7b61f03.jpg,w_af48048
9b85ae13c.jpg,w_38de45d
9b8b74029.jpg,w_e5978cf
9b8c3c8b8.jpg,w_6279534
9b9ec73a9.jpg,w_5a9abcf
9b9f50b85.jpg,w_3ec7fa2
9b9f63bc0.jpg,w_2964e0b
9bc68c76b.jpg,w_63b91aa
9bf17c28f.jpg,w_1b0db58
9c08c6cc5.jpg,w_817d53c
9c09ecb6d.jpg,w_b5e6c9c
9c12369a6.jpg,w_b99f945
9c1832cc0.jpg,w_4441671
9c2ad64a9.jpg,w_19f507e
9c2aff91c.jpg,w_dc651ad
9c3ee0961.jpg,w_57abc0f
9c4530e41.jpg,w_d0528f6
9c5d90f3f.jpg,w_15951db
9c6859f2d.jpg,w_e99ed06
9c8d437fc.jpg,w_f773fbe
9cb42cc29.jpg,w_4ea4f59
9cbc3ae8b.jpg,w_b330c85
9cf02af9b.jpg,w_d8de44c
9cf0c4fe7.jpg,w_65ffd7d
9d1331572.jpg,w_08d62ee
9d15cdcb4.jpg,w_0531ad5
9d167c1a7.jpg,w_8ea9f68
9d178cb4a.jpg,w_6e0a45b
9d23d989a.jpg,w_e1f57e7
9d2d26c60.jpg,w_57aeea3
9d5b84960.jpg,w_e5978cf
9d83a3f97.jpg,w_69b5ace
9d983b2f2.jpg,w_23ce00e
9db2e3b3d.jpg,w_9b3076d
9db384417.jpg,w_7c27fbd
9dcd23a2f.jpg,w_b5e6c80
9de1a4064.jpg,w_3584852
9df2a950d.jpg,w_90fb95b
9e0c4b7f7.jpg,w_bc7de9f
9e21f94b5.jpg,w_4c206e7
9e2401ae6.jpg,w_9eaef8f
9e37b66de.jpg,w_9f13096
9e4437c3f.jpg,w_23ce00e
9e4e25af1.jpg,w_b3e445e
9e57da0da.jpg,w_483947b
9e61487de.jpg,w_213fb07
9e8428c12.jpg,w_f793b1f
9ea788e94.jpg,w_04d4568
9ea91bcb0.jpg,w_ea7bc89
9ec1f1737.jpg,w_c6d918a
9ecaf8646.jpg,w_decafbd
9ed254ae4.jpg,w_7c27fbd
9ed955c2d.jpg,w_2f1488c
9eda272f5.jpg,w_e01ca20
9ee0b6517.jpg,w_be776c7
9ef7c5be2.jpg,w_4af7c01
9f09849ef.jpg,w_f3252ff
9f129f363.jpg,w_48aa237
9f2bda6d3.jpg,w_8b8dca8
9f543975b.jpg,w_ea902fb
9f5a85efb.jpg,w_a10e633
9f5dfda97.jpg,w_d9a3c6e
9f8035a58.jpg,w_fe881f2
9f815c731.jpg,w_760c469
9fbf1143a.jpg,w_c27588a
9fcd6e04d.jpg,w_1c6465a
9fe0fdfc8.jpg,w_f1b6eea
9fec83ed4.jpg,w_c2a1bc4
a0173b646.jpg,w_2972f31
a01b9242e.jpg,w_84f9ab0
a03c15918.jpg,w_bc677de
a0609b3a0.jpg,w_ae19ff0
a0609c82f.jpg,w_8193215
a060bbdd0.jpg,w_fc10c15
a06b4f2da.jpg,w_12ce4f8
a06dd4488.jpg,w_8d33cf5
a07569ae5.jpg,w_ea902fb
a085cc6f6.jpg,w_d602efb
a08b754d9.jpg,w_5ff2049
a08f826e5.jpg,w_b3e445e
a0be00066.jpg,w_e6450bc
a0e5805ac.jpg,w_d892cd9
a0ec2a27d.jpg,w_bc677de
a0ee2bfd1.jpg,w_8431ae8
a1027a724.jpg,w_27a6304
a14c028bc.jpg,w_0f25e6b
a19acb311.jpg,w_6fe5b8e
a1a3547d0.jpg,w_9d29561
a1b1adc6d.jpg,w_7b098ce
a1be3214c.jpg,w_8ea9f68
a1ca1eb39.jpg,w_0f466a5
a1cddb0d0.jpg,w_c073f96
a1d61eb93.jpg,w_19f507e
a1db87cd4.jpg,w_3976c05
a211f0b18.jpg,w_e19a641
a24bc0cf6.jpg,w_872f131
a26bf7f2a.jpg,w_f408b56
a27c8adf9.jpg,w_94e136e
a286f6ff3.jpg,w_01f14e1
a2876facf.jpg,w_518a722
a2a2b5087.jpg,w_ec16cc4
a2a454b70.jpg,w_8d0a2a2
a3014d9ff.jpg,w_691f2f6
a3097ebc8.jpg,w_1d532b4
a37278cf3.jpg,w_6fe5b8e
a3c34b118.jpg,w_21b2790
a3cfb7e26.jpg,w_80b474e
a3f01a293.jpg,w_e1f57e7
a3fc74398.jpg,w_cd6743e
a4137df37.jpg,w_1419d90
a43056c8d.jpg,w_a8276b4
a440f35fa.jpg,w_8f0c6ed
a4765eaff.jpg,w_e71f9c7
a49eec37f.jpg,w_bbfce38
a4a377911.jpg,w_04d4568
a4b032aa3.jpg,w_ea7bc89
a4b846425.jpg,w_ec16cc4
a4c0b6772.jpg,w_8a1786f
a4d612d2d.jpg,w_b950c88
a4dc7fd99.jpg,w_98f2705
a4e166737.jpg,w_9697236
a50467e30.jpg,w_ea7bc89
a519f5eef.jpg,w_518a722
a53809615.jpg,w_b950c88
a5611494e.jpg,w_7b098ce
a57521367.jpg,w_fe881f2
a57bacae4.jpg,w_3fe5d56
a5a529bf1.jpg,w_1032bb6
a5d3000a9.jpg,w_fc10c15
a5dfc2926.jpg,w_ad343a6
a5fe093a8.jpg,w_bd1c3d5
a619c4e36.jpg,w_41d24c6
a6404c1f1.jpg,w_94f41dc
a654c8b33.jpg,w_41d24c6
a670c5bc2.jpg,w_20950a9
a67a12d71.jpg,w_2137c6f
a6ad1b8df.jpg,w_1c6465a
a6e6f2bcc.jpg,w_7ffc63c
a6fb6de1d.jpg,w_6189444
a7067aa1a.jpg,w_46c4c49
a70e42cd5.jpg,w_60a54be
a736b9739.jpg,w_9490369
a7389ccb5.jpg,w_b3cde16
a747c3349.jpg,w_6aab519
a7758e22d.jpg,w_57aeea3
a7b27117d.jpg,w_8d9d59a
a7bfb0a64.jpg,w_3da0eae
a7c5d038d.jpg,w_3da0eae
a7c9a2144.jpg,w_9b69214
a7e253633.jpg,w_f1b6eea
a817494ac.jpg,w_57db059
a82347a8c.jpg,w_b93105d
a828300f5.jpg,w_9a9a2c8
a84490ea5.jpg,w_b805777
a854710e7.jpg,w_d6f0be4
a85b26fd2.jpg,w_a8276b4
a87038557.jpg,w_b93105d
a878199b1.jpg,w_2d6bb89
a886427ff.jpg,w_bc677de
a891f7d1d.jpg,w_68c4ecf
a89c4bdf5.jpg,w_fbc7895
a8a789e6f.jpg,w_a3181a0
a8bfdb8e2.jpg,w_4f9c015
a8d38e291.jpg,w_e1f57e7
a8e6f8eba.jpg,w_5841fb9
a8e8a2a64.jpg,w_c97ad94
a902758be.jpg,w_69c06ad
a903b8b86.jpg,w_96c6613
a91695573.jpg,w_32eac70
a94dfd8cd.jpg,w_df27de9
a95577679.jpg,w_5c51475
a969e1638.jpg,w_cd6743e
a978323bf.jpg,w_5babd8c
a97d5e205.jpg,w_5f5f9ae
a9939fb15.jpg,w_218fe4a
a9ab92cef.jpg,w_8f0c6ed
a9be9bf30.jpg,w_6e209a8
aa0cb9f36.jpg,w_c97ad94
aa2fa057d.jpg,w_fa2ec89
aa3170213.jpg,w_edf43c1
aa4d8ae36.jpg,w_555dcb4
aa4e08131.jpg,w_3584852
aa5b345e2.jpg,w_abc5af2
aa6ae8ac7.jpg,w_c97ad94
aaaf78be9.jpg,w_8ea9f68
aaf564e89.jpg,w_5ae026a
aaf835557.jpg,w_760c469
ab011e0e8.jpg,w_71df35a
ab0694a88.jpg,w_60a54be
ab104061d.jpg,w_bbfce38
ab1156ad6.jpg,w_7c27fbd
ab6ccb58f.jpg,w_579e5f0
ab8d20fa9.jpg,w_69b5ace
ac166ba4b.jpg,w_3108dce
ac17365b1.jpg,w_a3181a0
ac1895c50.jpg,w_b4396ae
ac29bbe2e.jpg,w_5a9abcf
ac82eeb64.jpg,w_e4a9205
ac8c6b9de.jpg,w_70d0b3c
ac998b5ce.jpg,w_88445b2
acdad47c5.jpg,w_748290a
ace708f49.jpg,w_ae32f8b
ad06fa5c7.jpg,w_0cbf1b3
ad117109b.jpg,w_4fadedd
ad1a1eaeb.jpg,w_02aa597
ad2aa7662.jpg,w_8936c44
ad2e5e991.jpg,w_030e2cf
ad2f5f34d.jpg,w_9f13096
ad3bfbd20.jpg,w_9f13096
ad4375e9e.jpg,w_a780b2d
ad4d15d91.jpg,w_63b91aa
ad6659ec3.jpg,w_625e590
ad6b1ec90.jpg,w_fa2ec89
ad74cb9a6.jpg,w_91b678a
add5a5738.jpg,w_0f25e6b
addd64d88.jpg,w_d602efb
adf14ace0.jpg,w_32eac70
adf47db53.jpg,w_3da0eae
ae1e8868c.jpg,w_f648d33
ae47ed391.jpg,w_4f9c015
ae573a294.jpg,w_3108dce
ae6e57b9c.jpg,w_d947e85
ae7e16db8.jpg,w_b44e89d
ae8949a6f.jpg,w_f459442
ae8ab0e36.jpg,w_4c206e7
ae9010d64.jpg,w_88065f2
aea0bd5b2.jpg,w_6e0a45b
aeb12795e.jpg,w_87e5b68
aec4e7ca5.jpg,w_6ebfe7b
aecb94992.jpg,w_e2e7384
aed16be54.jpg,w_a3181a0
aee3d0bce.jpg,w_f75ed58
af1a57ca9.jpg,w_0f25e6b
af2ca5725.jpg,w_6f7611c
af2e162cc.jpg,w_17a3a21
af345301c.jpg,w_b3197c6
af574cb5a.jpg,w_af48048
af5e65051.jpg,w_3eae264
af62242e2.jpg,w_80b474e
af702e67c.jpg,w_9eb2d2a
af88b3e95.jpg,w_bd1c3d5
af91c6275.jpg,w_db3cfa4
afa2e4f89.jpg,w_fc6dd24
afd433aea.jpg,w_662530e
afdb458cd.jpg,w_4af7c01
afe0ca804.jpg,w_bdded04
b0142ebe2.jpg,w_1c6465a
b01599003.jpg,w_c27588a
b022b12d8.jpg,w_ec32fa6
b02a4296c.jpg,w_ae19ff0
b0455d69c.jpg,w_0531ad5
b0848a83f.jpg,w_c9b4607
b0aee440c.jpg,w_57db059
b13c68b8e.jpg,w_d6aa3f3
b151cc429.jpg,w_213fb07
b17668b8c.jpg,w_0cfdaa5
b186b2f21.jpg,w_77c86af
b1c246954.jpg,w_77c86af
b1d1aff10.jpg,w_e5ab551
b1d4b648f.jpg,w_0f25e6b
b1ec48848.jpg,w_454f511
b1f26f4c0.jpg,w_c5260b8
b1f2ff802.jpg,w_f437f82
b1f5cf3cd.jpg,w_3ec7fa2
b273a2f31.jpg,w_57acd97
b28799496.jpg,w_20950a9
b28934dae.jpg,w_32eac70
b2928ff63.jpg,w_88065f2
b292a49b8.jpg,w_625e590
b2a624920.jpg,w_7c27fbd
b2b0739df.jpg,w_6aab519
b2b27bdb8.jpg,w_483947b
b2dd25420.jpg,w_3057209
b31c8ef21.jpg,w_9032a74
b39bede4e.jpg,w_b950c88
b3a130a9d.jpg,w_93fddcb
b41bed9da.jpg,w_9bd2794
b435867d7.jpg,w_9021014
b4363fb3f.jpg,w_7a8ce16
b44a30fcb.jpg,w_9bd2794
b44c9892f.jpg,w_e9cf335
b476edc60.jpg,w_99e43ae
b484bb7ad.jpg,w_bc677de
b4a486fbc.jpg,w_207f153
b4a6a8edb.jpg,w_9490369
b4bea1056.jpg,w_20950a9
b4e02531d.jpg,w_2137c6f
b5029f76b.jpg,w_a8c2847
b514fadad.jpg,w_579e5f0
b51da35a2.jpg,w_df5bf3d
b535221ee.jpg,w_456646a
b547e77df.jpg,w_28218e1
b54da4bf3.jpg,w_5a3e0de
b55e1b7f1.jpg,w_274d994
b5695244c.jpg,w_b805777
b57bc3877.jpg,w_6df47c6
b592e25d4.jpg,w_d6aa3f3
b5a1d2e97.jpg,w_263fcb0
b5b407863.jpg,w_5116e7e
b5bf598c6.jpg,w_8f0c6ed
b5c16439a.jpg,w_811c3a3
b5d1c0df4.jpg,w_b950c88
b5ed9c9e5.jpg,w_12aae3e
b5f83a50a.jpg,w_6c3ec2d
b5f8a3c81.jpg,w_e71f9c7
b624f482c.jpg,w_4fadedd
b629c06c7.jpg,w_6ebfe7b
b62e8e980.jpg,w_d236b51
b642373be.jpg,w_68c4ecf
b649ca3d1.jpg,w_2f74ff3
b64dfd7dc.jpg,w_08d62ee
b64e78e88.jpg,w_a743e09
b65177518.jpg,w_1d532b4
b65b2c5e6.jpg,w_c734fa4
b678979f0.jpg,w_06d2e72
b686911e1.jpg,w_817d53c
b69812783.jpg,w_553d1ef
b69c9a8ff.jpg,w_0cfdaa5
b6b9fa3d8.jpg,w_e897a60
b6c6cf510.jpg,w_e9e413e
b6dd71078.jpg,w_41d24c6
b6e5a839e.jpg,w_3976c05
b6f2fa0b2.jpg,w_ae32f8b
b6f9f0fb5.jpg,w_8d9d59a
b712870c4.jpg,w_e71f9c7
b722aba55.jpg,w_c536a4a
b73c64b72.jpg,w_efe3a39
b7400bf33.jpg,w_861e504
b744697e6.jpg,w_e19a641
b758f5366.jpg,w_003bae6
b76d0e59d.jpg,w_ca66b79
b7a05f0da.jpg,w_f5bf6df
b7bc669a0.jpg,w_7656c1a
b7c4aa1b8.jpg,w_f787e93
b7c764841.jpg,w_bc677de
b7cb21995.jpg,w_2d0cfc1
b816dc910.jpg,w_70e9661
b81b31827.jpg,w_e13f4e8
b83975735.jpg,w_5f5f9ae
b85af3d08.jpg,w_d0bfef3
b87526349.jpg,w_3fe5d56
b87a0617c.jpg,w_23852a0
b87f6bc5e.jpg,w_4441671
b8a77e789.jpg,w_cd6743e
b8f420e50.jpg,w_80f481f
b8fa6ca36.jpg,w_d8de44c
b90773b89.jpg,w_69c06ad
b91c54cce.jpg,w_2e4cb98
b94450f8e.jpg,w_00d50c9
b94df08b4.jpg,w_7d458aa
b95d73a55.jpg,w_691f2f6
b95e61d53.jpg,w_4ff2f4a
b9908b865.jpg,w_4a12050
b9aefbbc8.jpg,w_003bae6
b9c387bc9.jpg,w_1419d90
b9c8ce82d.jpg,w_483947b
b9ca04435.jpg,w_e9b4719
b9d2462fd.jpg,w_01cbbbd
b9d46232e.jpg,w_518a722
ba46b75b0.jpg,w_3976c05
ba5aa5781.jpg,w_8e92662
ba5dff533.jpg,w_8b8dca8
ba60fa225.jpg,w_8dcdb19
ba68eb0e1.jpg,w_985d205
babf66757.jpg,w_8dcdb19
badd732b3.jpg,w_8eae2c3
bb2fcc19f.jpg,w_8d33cf5
bb5dcdfef.jpg,w_5645ed1
bb664bae7.jpg,w_fa2ec89
bb6877eb1.jpg,w_23ce00e
bb7799f85.jpg,w_8d9d59a
bb7b4491b.jpg,w_e19a641
bb80a0afa.jpg,w_6525e6b
bb9ffa8b2.jpg,w_a780b2d
bbb272a55.jpg,w_57acd97
bbcad773c.jpg,w_70d0b3c
bc248d83e.jpg,w_9032a74
bc36e4200.jpg,w_48aa237
bc5004fd2.jpg,w_f437f82
bc580a866.jpg,w_2f74ff3
bc7ec6df6.jpg,w_f5bf6df
bcb33a263.jpg,w_27a6304
bcb5a576c.jpg,w_6fe5b8e
bcba07091.jpg,w_9713cc3
bce9ebde9.jpg,w_c2a1bc4
bceef4257.jpg,w_c9b4607
bcf595349.jpg,w_454f511
bd3932ec4.jpg,w_aee1ccf
bd3f7ba02.jpg,w_00d50c9
bd4d50fd7.jpg,w_14330a0
bd9f74ab4.jpg,w_58afeb2
bdb81f432.jpg,w_81d4bd6
bdd50be32.jpg,w_f1b6eea
be09e6dd3.jpg,w_b9ee9d1
be0e43b69.jpg,w_7ffc63c
be24604d3.jpg,w_9713cc3
be3e45694.jpg,w_955bfe2
be49fc1a2.jpg,w_4441671
be51fb093.jpg,w_ab44ae4
be8712a6a.jpg,w_c058057
beb57a95c.jpg,w_9fc06d4
bee6e6dda.jpg,w_6ebfe7b
bef706914.jpg,w_99e43ae
bef88f48f.jpg,w_6d43e1d
bf0f014c1.jpg,w_9eb2d2a
bf19f8d8a.jpg,w_80b474e
bf26e0396.jpg,w_6c3ec2d
bf61547f0.jpg,w_8eae2c3
bf6a1bd19.jpg,w_bdded04
bf712345a.jpg,w_2d6bb89
bf9136619.jpg,w_955bfe2
bf91e42ef.jpg,w_32838db
bfefec875.jpg,w_4f9c015
c0127fb8b.jpg,w_a8c2847
c016565ff.jpg,w_7b098ce
c01f3cd7a.jpg,w_8936c44
c0369f1e8.jpg,w_d602efb
c036bed18.jpg,w_bb4f52e
c0416dd56.jpg,w_32838db
c04956214.jpg,w_98f2705
c0823e976.jpg,w_b93105d
c0a8133d9.jpg,w_06d2e72
c0be2ebda.jpg,w_7a8ce16
c0f0a2f32.jpg,w_9021014
c100bf03e.jpg,w_4fadedd
c115303a6.jpg,w_be1f602
c1222a10a.jpg,w_fc10c15
c16dd0dd9.jpg,w_21b2790
c17c5fe85.jpg,w_9c68fe8
c17d3fa71.jpg,w_19f507e
c18f6b55b.jpg,w_1788910
c1a6db1e7.jpg,w_17a3a21
c1ab74e38.jpg,w_9a9a2c8
c1c8e119e.jpg,w_93fddcb
c1d085e67.jpg,w_456646a
c1d6c41df.jpg,w_2137c6f
c1e07f4c9.jpg,w_bc7de9f
c1e1d7f3e.jpg,w_01f14e1
c1f1d4cfa.jpg,w_25085e0
c23823bab.jpg,w_7938c79
c23d27c9a.jpg,w_2f67f0a
c249c44d5.jpg,w_81d4bd6
c26ee29ae.jpg,w_12aae3e
c28829037.jpg,w_01cbbbd
c289bba1c.jpg,w_d6aa3f3
c2a2b6b4b.jpg,w_2af46a8
c2aee0a08.jpg,w_9bd2794
c2b0a1234.jpg,w_7c27fbd
c2b17ae68.jpg,w_c6d918a
c2bc8dc45.jpg,w_213fb07
c2d928f7d.jpg,w_b5e6c9c
c2e5c0589.jpg,w_bc7de9f
c30ff6205.jpg,w_5d1b1a7
c31016faa.jpg,w_3f7d5f5
c36050000.jpg,w_88065f2
c363520fd.jpg,w_f3252ff
c373e8bcf.jpg,w_861e504
c3769dc73.jpg,w_de657c1
c3afa7a20.jpg,w_5821157
c3b54b9f5.jpg,w_555dcb4
c3d7ce2d3.jpg,w_6fe5b8e
c3f15c52a.jpg,w_2e4cb98
c42b013be.jpg,w_d602efb
c460252dd.jpg,w_c684a38
c462e902f.jpg,w_3643be7
c484470a0.jpg,w_f648d33
c493bb8ad.jpg,w_9713cc3
c49af49c1.jpg,w_b4396ae
c49f39ce3.jpg,w_748290a
c4a0f7159.jpg,w_5bf792a
c4ba2edc0.jpg,w_23852a0
c4d195750.jpg,w_41d24c6
c4f3e0f6a.jpg,w_e99ed06
c4f61a79c.jpg,w_ca66b79
c50003158.jpg,w_1531bf5
c507004e1.jpg,w_861e504
c51950f54.jpg,w_77c86af
c538e54ce.jpg,w_06d2e72
c53bcee64.jpg,w_985d205
c558ec9b5.jpg,w_e818b1a
c55c9cb72.jpg,w_5821157
c562a7f92.jpg,w_25f1a4e
c57bd0a06.jpg,w_5ae026a
c5a296f97.jpg,w_b4396ae
c5aa6fc71.jpg,w_80124ae
c5b72d21e.jpg,w_3584852
c5c1aa0ba.jpg,w_0531ad5
c5c634454.jpg,w_ec16cc4
c5cf69b8c.jpg,w_fa2ec89
c5d1963ab.jpg,w_003bae6
c5ea71a42.jpg,w_4130233
c5ff696fe.jpg,w_fbfe96b
c6212e694.jpg,w_6c995fd
c623d6e99.jpg,w_d3b1733
c62a3ecc0.jpg,w_6071978
c62b783e2.jpg,w_c684a38
c633010f6.jpg,w_e25b062
c6475077f.jpg,w_a10e633
c650e40cc.jpg,w_d3b1733
c679073c0.jpg,w_a3181a0
c699f2b52.jpg,w_a88f2c1
c6a2836a1.jpg,w_cac9bdb
c6a48a428.jpg,w_2ed0d2f
c6c458a6b.jpg,w_3ff114c
c6e7dc3f2.jpg,w_483947b
c6edb09c4.jpg,w_3976c05
c6eff9849.jpg,w_f437f82
c72ef3d02.jpg,w_2972f31
c765f23ab.jpg,w_0f73f48
c777689d2.jpg,w_9697236
c78c93eae.jpg,w_1029215
c7aa4e79a.jpg,w_0718183
c7c282555.jpg,w_5a3e0de
c7cc81166.jpg,w_fc6dd24
c7d069ac2.jpg,w_5a3e0de
c7d665504.jpg,w_f787e93
c7d6ef4b8.jpg,w_cd6743e
c7e62fa31.jpg,w_c073f96
c7ec8f574.jpg,w_c6c89db
c7f7ddae1.jpg,w_f648d33
c7fcdaf6d.jpg,w_5c51475
c826bca40.jpg,w_cefd512
c83d98969.jpg,w_14330a0
c8428e5ea.jpg,w_d875f4d
c843b41c6.jpg,w_9eb2d2a
c8673818a.jpg,w_bc7de9f
c868e7c31.jpg,w_cd6743e
c86db1d41.jpg,w_3b71107
c87cd6610.jpg,w_ba4f96c
c88e565ff.jpg,w_80124ae
c8a521ccf.jpg,w_553d1ef
c8b616ba0.jpg,w_e54d8f6
c8bf970c7.jpg,w_d947e85
c8f5f98d1.jpg,w_4ea4f59
c914240ba.jpg,w_d875f4d
c915723f5.jpg,w_8d0a2a2
c938f9d6f.jpg,w_00d50c9
c9399eaa2.jpg,w_ad343a6
c939fc052.jpg,w_662530e
c93cccd26.jpg,w_4c206e7
c94e1d61a.jpg,w_d236b51
c95c55f0c.jpg,w_8936c44
c98246175.jpg,w_e897a60
c98bbc240.jpg,w_e818b1a
c99462daa.jpg,w_7d458aa
c99adbe27.jpg,w_84f9ab0
c9a8f1ee1.jpg,w_1029215
c9cab6624.jpg,w_e818b1a
c9da8dd34.jpg,w_7aea0b8
ca1a0df2f.jpg,w_5645ed1
ca365c36d.jpg,w_6d43e1d
ca601cb63.jpg,w_0f466a5
caa9d16a7.jpg,w_e08506c
cab3cc645.jpg,w_e54d8f6
cab667df1.jpg,w_8ea9f68
cac277e6c.jpg,w_decafbd
cadc185bb.jpg,w_0189b6d
cb1a806c2.jpg,w_1b7eaad
cb6f48571.jpg,w_f3a12bc
cb75cf8a5.jpg,w_d7b6f17
cb938927c.jpg,w_decafbd
cb9e59060.jpg,w_b4396ae
cbabc03bd.jpg,w_8f0c6ed
cbbe9a35c.jpg,w_4a12050
cc10fdb5a.jpg,w_9544084
cc1bd435b.jpg,w_d236b51
cc3a89251.jpg,w_3fe5d56
cc47ccae8.jpg,w_c27588a
cccdb4d42.jpg,w_01f14e1
ccd50b39d.jpg,w_4f9c015
cceea5f1f.jpg,w_6cfa650
ccfc2303c.jpg,w_5ae026a
cd0d7064e.jpg,w_3976c05
cd1d1ba84.jpg,w_b44e89d
cd4740ee9.jpg,w_6c3ec2d
cd52c565c.jpg,w_fa2ec89
cd5a9c5b1.jpg,w_ddb62c2
cd5dd712e.jpg,w_6df47c6
cd6f02345.jpg,w_5f5f9ae
cd74ca177.jpg,w_e3956f5
cd7afe730.jpg,w_ab44ae4
cd917a51b.jpg,w_e71f9c7
cdac67479.jpg,w_4888003
cdb2626fa.jpg,w_77f9c5f
cdd557f77.jpg,w_483947b
ce1b7ef41.jpg,w_5f5f9ae
ce51f2187.jpg,w_0b398b2
ce5c65240.jpg,w_de657c1
ce5d60002.jpg,w_4130233
ce5f9e425.jpg,w_f8c22dc
ce6ef0420.jpg,w_6df47c6
ced446801.jpg,w_be776c7
cee85c6e5.jpg,w_e818b1a
cf139161c.jpg,w_3b71107
cf1a0a25e.jpg,w_c6c89db
cf1a21909.jpg,w_1a70f3a
cf2b9cc9c.jpg,w_90abfeb
cf2f9ce1a.jpg,w_f3b2948
cf6685ae9.jpg,w_8d9d59a
cf77f4ce2.jpg,w_88445b2
cf90ab6e4.jpg,w_7d458aa
cf950192e.jpg,w_5f5f9ae
cfb34c22f.jpg,w_4fadedd
cfcc4f008.jpg,w_2df37cc
cff5ac0f1.jpg,w_e19a641
d0147ba47.jpg,w_c4b02b0
d03a0b43d.jpg,w_dc662ea
d04130668.jpg,w_41d24c6
d0478f34c.jpg,w_57abc0f
d06d3d324.jpg,w_eb13108
d07aaec14.jpg,w_e897a60
d07edf96e.jpg,w_23ce00e
d0855b495.jpg,w_98f2705
d08bca2e3.jpg,w_38de45d
d096cf539.jpg,w_5793f1c
d0b96c2e9.jpg,w_5793f1c
d0d82925f.jpg,w_3b71107
d0f5699fb.jpg,w_2137c6f
d11c8983e.jpg,w_6071978
d12a6b5f3.jpg,w_f459442
d154f84ee.jpg,w_f773fbe
d15b8283c.jpg,w_0815d2c
d17449754.jpg,w_80b474e
d182d721d.jpg,w_c4b02b0
d19f2683c.jpg,w_bff3c3b
d1b7dc05b.jpg,w_6d43e1d
d1d0723f9.jpg,w_ab44ae4
d1ed80c5b.jpg,w_3057209
d1f564b36.jpg,w_f128a4d
d21ad357a.jpg,w_d0528f6
d2733e9fd.jpg,w_ba4f96c
d2734ae97.jpg,w_90abfeb
d2a18b724.jpg,w_3643be7
d2ee5e588.jpg,w_5116e7e
d2f15a990.jpg,w_6189444
d2f485da1.jpg,w_e25b062
d2f607cc4.jpg,w_88065f2
d32bfaaa6.jpg,w_1a70f3a
d336a4543.jpg,w_6fce84d
d346826b2.jpg,w_ea05006
d34ff0af0.jpg,w_25f1a4e
d376e8b3c.jpg,w_2df37cc
d37cb9f71.jpg,w_23ce00e
d3918f263.jpg,w_4fdff73
d3a7e043a.jpg,w_6f7611c
d3da68dce.jpg,w_244e953
d3db45707.jpg,w_8f0c6ed
d3dc54322.jpg,w_f971ecb
d407d7ee0.jpg,w_8431ae8
d414a3899.jpg,w_abc5af2
d41fcaa0c.jpg,w_16dfac7
d4311c271.jpg,w_96c6613
d451ac6ad.jpg,w_748290a
d456ac18d.jpg,w_4130233
d4628735f.jpg,w_2645f4d
d4641059f.jpg,w_70e9661
d4758dc33.jpg,w_9b69214
d4af22a13.jpg,w_68eaf36
d4d4b4fe1.jpg,w_d10d0c5
d4da27968.jpg,w_263fcb0
d4eb62e04.jpg,w_4af7c01
d4ef17025.jpg,w_8cfabed
d4fe02c73.jpg,w_4f9c015
d547e78f5.jpg,w_213fb07
d57f3e507.jpg,w_b44e89d
d59697e87.jpg,w_85d9229
d5ca5c3a2.jpg,w_6a95be3
d61edb671.jpg,w_244e953
d629e1f34.jpg,w_f437f82
d64e6e5d0.jpg,w_eb13108
d6577e105.jpg,w_5816f86
d6639f0d7.jpg,w_b805777
d6a2f9650.jpg,w_7d458aa
d6a34e4f1.jpg,w_f1b6eea
d6bc78989.jpg,w_2ed0d2f
d6e6e1090.jpg,w_80b474e
d6e78e123.jpg,w_27a6304
d7005d45b.jpg,w_98f2705
d7320604b.jpg,w_f75ed58
d73b82f51.jpg,w_5a3e0de
d76aaeca2.jpg,w_f128a4d
d77396414.jpg,w_584e1dc
d77d97b9f.jpg,w_e897a60
d7849344e.jpg,w_e3956f5
d78e0ca84.jpg,w_6cfa650
d79123e61.jpg,w_4441671
d79ec61e6.jpg,w_88445b2
d7a03ac84.jpg,w_ea902fb
d7c6da7c8.jpg,w_dc651ad
d810a964e.jpg,w_0b398b2
d811a4b23.jpg,w_9b3076d
d82419d7f.jpg,w_2964e0b
d884e3dc2.jpg,w_70e9661
d8c3eb750.jpg,w_21b2790
d8d3f6057.jpg,w_9a9a2c8
d916c6dd0.jpg,w_16dfac7
d91de3edb.jpg,w_6525e6b
d921ce1b1.jpg,w_70d0b3c
d92b9f076.jpg,w_5d6ba39
d9400b070.jpg,w_553d1ef
d99e5b26b.jpg,w_8f0c6ed
d9b73eabf.jpg,w_662530e
d9c0af6b6.jpg,w_0f56fb2
d9cd472a8.jpg,w_be776c7
da4caf556.jpg,w_0f56fb2
da4dc6b89.jpg,w_f787e93
da503e4eb.jpg,w_e99ed06
da5100e7e.jpg,w_3584852
da5a8f7cb.jpg,w_68eaf36
da854bb94.jpg,w_8799716
daabd88a5.jpg,w_5841fb9
dab9a8a85.jpg,w_244e953
daba45134.jpg,w_f3b2948
dadb6ac4c.jpg,w_88445b2
daf1c644e.jpg,w_7b098ce
db02504ae.jpg,w_c0e2505
db1250fd7.jpg,w_5c51475
db36cb658.jpg,w_f3a12bc
db659816b.jpg,w_bb4f52e
db885f27b.jpg,w_2972f31
db8ce3f9f.jpg,w_0815d2c
dbb2088f4.jpg,w_d947e85
dbb67800e.jpg,w_d0528f6
dbc4c6c50.jpg,w_68c4ecf
dbdedf4f4.jpg,w_8d33cf5
dbe0eeaa1.jpg,w_8d0a2a2
dc035a00d.jpg,w_c566a3d
dc1cb9f35.jpg,w_2df37cc
dc244c004.jpg,w_5ff2049
dc5fd803b.jpg,w_5816f86
dc66f24da.jpg,w_2645f4d
dc7532c4a.jpg,w_3bf2653
dc891c82e.jpg,w_01cbbbd
dc8afa663.jpg,w_80f481f
dcb809492.jpg,w_b3196aa
dcc8cd1cf.jpg,w_32da935
dcdc8f856.jpg,w_b5e6c9c
dce31d21c.jpg,w_edf43c1
dce8e1473.jpg,w_81d4bd6
dd40aaeaa.jpg,w_5b227ec
dd457d9f9.jpg,w_2f67f0a
dd4ec813f.jpg,w_32838db
dd5aded65.jpg,w_4f9c015
dd7dda741.jpg,w_8d33cf5
ddb07d686.jpg,w_2e4cb98
ddb8ba36c.jpg,w_8cfabed
ddc7560b4.jpg,w_e4a9205
ddd4f8488.jpg,w_274d994
ddeb45949.jpg,w_6ebfe7b
de175d0cd.jpg,w_60a54be
de2076a32.jpg,w_4fadedd
de75aff7d.jpg,w_ea7bc89
de8ceded1.jpg,w_6c995fd
de8d7aa2f.jpg,w_99e43ae
de9ac63cf.jpg,w_32eac70
de9c78459.jpg,w_d892cd9
deb2013c8.jpg,w_107b98e
debdd1998.jpg,w_8d33cf5
df1c8440f.jpg,w_6fe5b8e
df2b6c364.jpg,w_b9ee9d1
df348f304.jpg,w_9021014
df44db8ab.jpg,w_5b227ec
df6a779b0.jpg,w_c0e2505
df7c193d9.jpg,w_1029215
df7e3df79.jpg,w_9c68fe8
dfb082707.jpg,w_12aae3e
dfe7e64c6.jpg,w_a8276b4
e0017beae.jpg,w_748290a
e0097d62d.jpg,w_edf43c1
e029aa90d.jpg,w_2972f31
e058190f0.jpg,w_0815d2c
e08313e3f.jpg,w_12aae3e
e0c9693d8.jpg,w_f3a12bc
e0cdfda41.jpg,w_fc6dd24
e0d10fbcb.jpg,w_030e2cf
e0d847e1a.jpg,w_1419d90
e10230cf0.jpg,w_030e2cf
e108bd221.jpg,w_c2a1bc4
e1400c301.jpg,w_d6f0be4
e140d3449.jpg,w_88445b2
e1473521a.jpg,w_a8c2847
e14d6c2d5.jpg,w_4fdff73
e15b12e71.jpg,w_69c06ad
e16829bc3.jpg,w_8e92662
e17cb0785.jpg,w_b02ac52
e1abf424a.jpg,w_12ce4f8
e225d241a.jpg,w_7d458aa
e2311c6ab.jpg,w_cac9bdb
e242d4a77.jpg,w_2f67f0a
e2477d680.jpg,w_85d9229
e2535242e.jpg,w_207f153
e261c161a.jpg,w_6aab519
e261fb7ae.jpg,w_2645f4d
e26d1cbc8.jpg,w_9697236
e278c4b2a.jpg,w_6c995fd
e27ef0ae3.jpg,w_df5bf3d
e28af5a44.jpg,w_e13f4e8
e29fc82ff.jpg,w_c058057
e2b2cdb8b.jpg,w_817d53c
e2cd8774b.jpg,w_25f1a4e
e2e3c5ce2.jpg,w_e25b062
e2f802201.jpg,w_3643be7
e333da709.jpg,w_584e1dc
e33a90ff8.jpg,w_fe15413
e3552d7b9.jpg,w_5bf792a
e3677a59d.jpg,w_9fc06d4
e36a2b17d.jpg,w_6a95be3
e36fc712a.jpg,w_ea05006
e39bee621.jpg,w_6fce84d
e3be46910.jpg,w_a8276b4
e3e0057f2.jpg,w_ec16cc4
e3fe27a84.jpg,w_0350bf4
e4327ca32.jpg,w_3057209
e489bc44f.jpg,w_4888003
e4af8e299.jpg,w_9d29561
e4b011dd1.jpg,w_d6d89ed
e4c8f11a9.jpg,w_8f4d879
e4dd0cb45.jpg,w_f437f82
e4feea963.jpg,w_3584852
e50f74583.jpg,w_88445b2
e52e04b49.jpg,w_ae32f8b
e53b15420.jpg,w_4a12050
e53f3c46b.jpg,w_714f89f
e547e32f4.jpg,w_23852a0
e5629375b.jpg,w_e5ab551
e56d1c225.jpg,w_4888003
e57648cd8.jpg,w_8f4d879
e5a49d981.jpg,w_f971ecb
e5cff4f3c.jpg,w_9eaef8f
e5d32e7d4.jpg,w_df5bf3d
e5d5f0fee.jpg,w_a780b2d
e605f56a6.jpg,w_2964e0b
e6232ac85.jpg,w_fbc7895
e63b99d75.jpg,w_9c68fe8
e67074467.jpg,w_f5bf6df
e684419be.jpg,w_ae19ff0
e68ae158a.jpg,w_8431ae8
e6e0f51e3.jpg,w_9490369
e6f2113d5.jpg,w_107b98e
e6fafa94e.jpg,w_6c3ec2d
e6fcab7a7.jpg,w_714f89f
e7167c2d9.jpg,w_274d994
e756e13e8.jpg,w_65ffd7d
e7837012a.jpg,w_6d43e1d
e78a3f4aa.jpg,w_6071978
e7b4b1765.jpg,w_68eaf36
e7ca02a26.jpg,w_7ffc63c
e7d8ebb11.jpg,w_274d994
e7dcfaca8.jpg,w_96c6613
e7f5e0313.jpg,w_2137c6f
e8114ae01.jpg,w_94e136e
e8177b118.jpg,w_714f89f
e83ac6e37.jpg,w_6c3ec2d
e8435e8d8.jpg,w_a88f2c1
e84395adb.jpg,w_c536a4a
e8a078a35.jpg,w_9b89c88
e8a32ec5f.jpg,w_f971ecb
e8b971b90.jpg,w_48aa237
e90213c2b.jpg,w_454f511
e94e6e20f.jpg,w_27a6304
e9613e991.jpg,w_06a10b4
e96a5ea04.jpg,w_4ea4f59
e97aed73f.jpg,w_3f7d5f5
e9946700e.jpg,w_ab44ae4
e99541e46.jpg,w_748290a
e9aa59bd0.jpg,w_8b8dca8
e9ac41eae.jpg,w_9739508
e9b6dcefd.jpg,w_857cb95
e9b7ef1f7.jpg,w_3057209
ea3df1d0d.jpg,w_9a9a2c8
ea83503ca.jpg,w_2f74ff3
eabd6eac2.jpg,w_06d2e72
ead3b9fc0.jpg,w_7938c79
ead569be5.jpg,w_1531bf5
eaee6394f.jpg,w_61b9586
eaf213e33.jpg,w_579e5f0
eaf4f071b.jpg,w_9d29561
eaf616866.jpg,w_6d8f72e
eb2290d9a.jpg,w_e9cf335
eb2f3bcdd.jpg,w_260ff2c
eb438b2d8.jpg,w_fbfe96b
eb4f0fb5a.jpg,w_8799716
eb5a0b17d.jpg,w_6071978
eb70d7915.jpg,w_e19a641
eb9d3e7c9.jpg,w_be776c7
ebc7c747b.jpg,w_63b91aa
ebc855cd7.jpg,w_b950c88
ebce97104.jpg,w_70e9661
ebde74948.jpg,w_030e2cf
ec178d58b.jpg,w_63b91aa
ec4aed2e7.jpg,w_2d0cfc1
ec541d167.jpg,w_e13f4e8
ec5a971ca.jpg,w_af48048
ec6b7950e.jpg,w_01cbbbd
ec7ba3ca6.jpg,w_dc651ad
ecad60b15.jpg,w_02aa597
ecbd0036d.jpg,w_6d8f72e
ecce027ef.jpg,w_bb4f52e
ecf8f1f7a.jpg,w_61b9586
ecfe36aab.jpg,w_96985c1
ed163bc54.jpg,w_77f9c5f
ed2575e9c.jpg,w_84f9ab0
ed31fcbb8.jpg,w_d875f4d
ed3265a11.jpg,w_63b91aa
ed6521a8e.jpg,w_28218e1
eda772ffd.jpg,w_c63c580
edb5012a1.jpg,w_2d0cfc1
edb8456d5.jpg,w_4888003
edbcbb680.jpg,w_ec16cc4
ede99ef8f.jpg,w_57abc0f
ee09abdfe.jpg,w_f3b2948
ee14436e1.jpg,w_9bd2794
ee46c9080.jpg,w_f3a12bc
ee4770b51.jpg,w_6ebfe7b
eea000ebc.jpg,w_ea7bc89
eeacca43a.jpg,w_8b8dca8
eeb35fd57.jpg,w_06d2e72
eeba53ac1.jpg,w_a47dc2d
eebff9541.jpg,w_80b474e
eec2ba20e.jpg,w_61b9586
eef0f480f.jpg,w_2d6bb89
ef17a3b8e.jpg,w_c058057
ef18a20ed.jpg,w_69b5ace
ef1adb68a.jpg,w_57abc0f
ef1e3f60d.jpg,w_dc651ad
ef23e525f.jpg,w_857cb95
ef3b08092.jpg,w_8d33cf5
ef451c0a3.jpg,w_2ed0d2f
ef4892efb.jpg,w_1a70f3a
ef4e552c0.jpg,w_12ce4f8
ef54542ce.jpg,w_2972f31
ef69c01a3.jpg,w_a47dc2d
ef77a59d7.jpg,w_8eae2c3
efaae4ee9.jpg,w_c63c580
efc2b4f77.jpg,w_25f1a4e
efcbb3761.jpg,w_c5260b8
f00302449.jpg,w_0f466a5
f028371af.jpg,w_5b227ec
f02b7832a.jpg,w_5841fb9
f02df0ba7.jpg,w_06a10b4
f0390f6d0.jpg,w_c4b02b0
f04ca6734.jpg,w_0cfdaa5
f04e2f06d.jpg,w_50e8d58
f05d403ae.jpg,w_2e4cb98
f07355595.jpg,w_107b98e
f07957832.jpg,w_df27de9
f0aea880f.jpg,w_1029215
f0bab9338.jpg,w_207f153
f0d5a6e59.jpg,w_88b3466
f0d8f8c2d.jpg,w_4c206e7
f0ead6f09.jpg,w_518a722
f0f5f1476.jpg,w_8cad422
f0fa4486d.jpg,w_6525e6b
f10d8b137.jpg,w_ea902fb
f11c4a649.jpg,w_5d1b1a7
f1409a8ee.jpg,w_857cb95
f1569b9f9.jpg,w_5821157
f157ddd53.jpg,w_e9e413e
f167df7ed.jpg,w_cd6743e
f190e94b9.jpg,w_8dcdb19
f1b4382d0.jpg,w_db3cfa4
f1c5eff35.jpg,w_d892cd9
f1c642ac0.jpg,w_14ece76
f1c87b3ba.jpg,w_9b89c88
f21a0852a.jpg,w_5ae026a
f2221205b.jpg,w_77f9c5f
f2643d29c.jpg,w_c536a4a
f26800f68.jpg,w_a47dc2d
f275dd532.jpg,w_483947b
f299d7477.jpg,w_f3b2948
f2acf08c9.jpg,w_9bd2794
f2d1fbfff.jpg,w_d0528f6
f2dd08037.jpg,w_3bf2653
f2eb4aae0.jpg,w_fdcaaa8
f2edcebce.jpg,w_553d1ef
f31c76d00.jpg,w_872f131
f33da8bad.jpg,w_9021014
f3a38e7c7.jpg,w_0350bf4
f3ace236f.jpg,w_985d205
f3bcd2538.jpg,w_1c6465a
f3bdc785c.jpg,w_1b7eaad
f3f3f8b92.jpg,w_2137c6f
f40e84778.jpg,w_4a12050
f425c6658.jpg,w_bbfce38
f42e4c92b.jpg,w_244e953
f44e328c4.jpg,w_b93105d
f45ba20c2.jpg,w_456646a
f4b5a4037.jpg,w_4441671
f4d793ab7.jpg,w_c073f96
f4dccdeae.jpg,w_c6d918a
f4e4e0e35.jpg,w_7e56d66
f4e551f67.jpg,w_a743e09
f5245191d.jpg,w_5ff2049
f5280ed41.jpg,w_2f74ff3
f54e243bc.jpg,w_3ff114c
f58f39fcd.jpg,w_c9b4607
f5a0ccbcc.jpg,w_3f7d5f5
f5a17c0f7.jpg,w_6fce84d
f5ce6e63f.jpg,w_3584852
f5e563f8c.jpg,w_68c4ecf
f5ef354ea.jpg,w_98f2705
f610f7fc4.jpg,w_87e5b68
f6218e09a.jpg,w_bbfce38
f630ee64a.jpg,w_5d6ba39
f63bc7458.jpg,w_02aa597
f67f095a5.jpg,w_25085e0
f68ef850e.jpg,w_1d532b4
f6b85aa1e.jpg,w_e5ab551
f6c2420ec.jpg,w_454f511
f6d07f1d0.jpg,w_b330c85
f6d4ea931.jpg,w_b93105d
f708bf49f.jpg,w_1a70f3a
f73a2342e.jpg,w_0531ad5
f7516bc08.jpg,w_c85ff1e
f75f03fdf.jpg,w_0718183
f770f6a88.jpg,w_06d2e72
f7a004c2e.jpg,w_2af46a8
f7bb7efc8.jpg,w_58afeb2
f7f2bbd4a.jpg,w_861e504
f802d39ad.jpg,w_6e0a45b
f82a79f07.jpg,w_c97ad94
f83d63f69.jpg,w_f787e93
f853efe22.jpg,w_a743e09
f8633b774.jpg,w_4ff2f4a
f87a12e9e.jpg,w_d3b1733
f88abffab.jpg,w_c85ff1e
f88feec95.jpg,w_65ffd7d
f8b1d3ad6.jpg,w_6ebfe7b
f8cca3f5b.jpg,w_5ae026a
f8d451f5c.jpg,w_0718183
f8dea1f9a.jpg,w_db3cfa4
f8ef0651e.jpg,w_fdcaaa8
f93d5b4e4.jpg,w_e01ca20
f95d08d2b.jpg,w_8a1786f
f96f5ef25.jpg,w_6aab519
f97425ac8.jpg,w_4c206e7
f98cea0b3.jpg,w_9b69214
f9a83eb76.jpg,w_a8c2847
f9d3f6d0a.jpg,w_88b3466
fa0ed5496.jpg,w_f75ed58
fa2b8264b.jpg,w_9739508
fa4ddcece.jpg,w_a88f2c1
fa5a0302b.jpg,w_3bf2653
fa5eec963.jpg,w_6c3ec2d
fa773d1c8.jpg,w_12aae3e
fa9845bb1.jpg,w_1531bf5
fad7fd94b.jpg,w_88b3466
fae8fb4ce.jpg,w_3643be7
faf7a3cad.jpg,w_ad343a6
fb0445bc3.jpg,w_63b91aa
fb1c87f1d.jpg,w_19f507e
fb295c860.jpg,w_2972f31
fb7b820c6.jpg,w_b3197c6
fb9502093.jpg,w_8b8dca8
fba17e1ae.jpg,w_68c4ecf
fba91e8d7.jpg,w_2f67f0a
fc1de6d65.jpg,w_9544084
fc33fa9b9.jpg,w_c5260b8
fc42d5be9.jpg,w_1b7eaad
fc7d921fc.jpg,w_a780b2d
fc9e6738a.jpg,w_c63c580
fcafa5a76.jpg,w_3108dce
fcd83cb53.jpg,w_c27588a
fcedc693d.jpg,w_260ff2c
fcf660c38.jpg,w_02aa597
fd46b46d0.jpg,w_2964e0b
fd517227f.jpg,w_71df35a
fd6067a4e.jpg,w_a3181a0
fd7f5d92f.jpg,w_8799716
fd9b1933e.jpg,w_5d6ba39
fda7d089f.jpg,w_fa2ec89
fde583e7a.jpg,w_f128a4d
fe107366e.jpg,w_2645f4d
fe336c1d4.jpg,w_e897a60
fe3c8da9c.jpg,w_3b71107
fe417cc79.jpg,w_fdcaaa8
fe51d853b.jpg,w_e71f9c7
fe602b1d7.jpg,w_70d0b3c
fe797b5df.jpg,w_6dbfd7a
feb78b09e.jpg,w_df27de9
feb9b1b9a.jpg,w_dc651ad
fed122d51.jpg,w_97ba78a
feed76893.jpg,w_bdded04
ff1355a33.jpg,w_5ae026a
ff31cf802.jpg,w_0f466a5
ff5e3f581.jpg,w_fe15413
ff66e1a65.jpg,w_555dcb4
ff6fefd85.jpg,w_ba4f96c
ff98d14ab.jpg,w_8b8dca8
ffa9fc95d.jpg,w_107b98e
fff7faf61.jpg,w_9cf0388
